Developer,Genre,Total_Global_Sales
EA Sports,Sports,166.21
Nintendo,Sports,161.78
Nintendo,Platform,123.07
Rockstar North,Action,119.47
EA Canada,Sports,100.77
EA Tiburon,Sports,87.5
Treyarch,Shooter,82.32
Infinity Ward,Shooter,77.62
Nintendo,Misc,71.18
Traveller's Tales,Action,69.88
Nintendo,Racing,66.67
Visual Concepts,Sports,65.74
Polyphony Digital,Racing,65.2
Ubisoft Montreal,Action,61.12
Capcom,Action,58.61
Ubisoft,Misc,56.63
SquareSoft,Role-Playing,54.65
EA DICE,Shooter,48.09
Harmonix Music Systems,Misc,42.12
Bethesda Game Studios,Role-Playing,41.6
Square Enix,Role-Playing,41.16
TT Games,Action,38.13
Ubisoft,Action,37.1
Nintendo,Action,36.48
Konami,Sports,36.29
Maxis,Simulation,35.69
Yuke's,Fighting,35.56
EA Canada,Racing,34.93
Neversoft Entertainment,Sports,33.63
Namco,Fighting,33.27
Nintendo,Simulation,32.11
"Infinity Ward, Sledgehammer Games",Shooter,29.77
Ubisoft Montreal,Shooter,29.4
"Bungie Software, Bungie",Shooter,29.01
Blizzard Entertainment,Role-Playing,27.79
Omega Force,Action,26.95
BioWare,Role-Playing,26.78
Sonic Team,Platform,25.91
Rocksteady Studios,Action,24.51
Electronic Arts,Action,24.02
Epic Games,Shooter,22.72
Neversoft Entertainment,Misc,22.37
Nintendo,Puzzle,22.34
Good Science Studio,Misc,21.81
Capcom,Role-Playing,20.26
Rainbow Studios,Racing,20.06
Gearbox Software,Shooter,20.02
343 Industries,Shooter,19.82
Rockstar Leeds,Action,19.61
Codemasters,Racing,19.45
Naughty Dog,Action,19.27
Electronic Arts,Sports,19.17
Valve Software,Shooter,19.14
The Sims Studio,Simulation,18.93
EA LA,Shooter,18.46
Criterion Games,Racing,18.35
Turn 10,Racing,18.11
Level 5,Role-Playing,17.99
Treyarch,Action,17.83
KCEJ,Action,17.49
Vicarious Visions,Misc,17.47
Capcom,Fighting,16.79
Level 5,Puzzle,16.61
DMA Design,Action,16.52
TT Fusion,Action,16.37
Volition Inc.,Action,16.18
Hudson,Misc,16.09
Bungie,Shooter,16.06
Bungie Software,Shooter,15.61
SCE Santa Monica,Action,15.57
Naughty Dog,Platform,15.4
Rockstar San Diego,Action,15.02
Core Design Ltd.,Action,14.53
Toys for Bob,Action,14.46
Konami,Simulation,14.17
Game Freak,Role-Playing,14.13
Zipper Interactive,Shooter,13.88
Obsidian Entertainment,Role-Playing,13.56
Ubisoft,Simulation,13.48
Game Arts,Fighting,13.4
Sledgehammer Games,Shooter,13.34
Vicarious Visions,Platform,13.33
Nd Cube,Misc,13.26
Kojima Productions,Action,12.73
Pandemic Studios,Shooter,12.72
Vicarious Visions,Action,12.7
Midway,Fighting,12.7
"Retro Studios, Entertainment Analysis & Development Division",Racing,12.66
KCET,Sports,12.17
"EA Sports, EA Vancouver",Sports,11.47
Eurocom Entertainment Software,Action,11.46
EA Black Box,Racing,11.37
Dimps Corporation,Fighting,11.24
Nintendo,Shooter,11.11
Hudson Soft,Misc,11.04
Reflections Interactive,Action,11
Rockstar San Diego,Racing,10.92
HAL Labs,Platform,10.9
SCEA San Diego Studios,Sports,10.89
Ubisoft Montreal,Adventure,10.85
Insomniac Games,Shooter,10.67
Io Interactive,Action,10.61
From Software,Role-Playing,10.58
LucasArts,Action,10.55
Guerrilla,Shooter,10.52
Ubisoft,Sports,10.51
TOSE,Role-Playing,10.39
Techland,Action,10.08
Lionhead Studios,Role-Playing,10.04
Radical Entertainment,Action,10
Rebellion,Shooter,9.65
"Pipeworks Software, Inc.",Sports,9.65
CyberConnect2,Fighting,9.36
Crystal Dynamics,Action,9.25
Yuke's,Sports,9.24
High Moon Studios,Shooter,9.18
Konami,Action,9.17
Heavy Iron Studios,Platform,9.13
Artificial Mind and Movement,Action,8.96
Mass Media,Misc,8.94
Traveller's Tales,Platform,8.94
SCEE London Studio,Misc,8.9
Ubisoft Paris,Misc,8.83
Blizzard Entertainment,Strategy,8.76
Clap Hanz,Sports,8.61
Capcom,Shooter,8.45
Raven Software,Role-Playing,8.39
Kush Games,Sports,8.39
"SCE/WWS, Media Molecule",Platform,8.36
NetherRealm Studios,Fighting,8.34
989 Sports,Sports,8.29
Midway,Sports,8.27
Griptonite Games,Action,8.21
"Luxoflux, Inc.",Action,8.2
Krome Studios,Action,8.19
Electronic Arts,Misc,8.08
"Ubisoft, Ubisoft Montreal",Action,8.01
Retro Studios,Platform,7.96
Visceral Games,Shooter,7.93
Evolution Studios,Racing,7.92
Bluepoint Games,Action,7.9
Shiny Entertainment,Action,7.86
Bethesda Softworks,Role-Playing,7.83
EA Black Box,Sports,7.8
EA Games,Action,7.74
Sucker Punch,Action,7.57
Activision,Sports,7.51
Nintendo EAD Tokyo,Platform,7.51
THQ,Action,7.42
Double Helix Games,Action,7.37
Ubisoft Shanghai,Action,7.21
Cat Daddy Games,Misc,7.2
Intelligent Systems,Role-Playing,7.17
Visual Concepts,Action,7.13
HAL Labs,Fighting,7.07
Tri-Ace,Role-Playing,7.03
TOSE,Simulation,7
EA Redwood Shores,Shooter,6.9
Spike,Fighting,6.88
"Ubisoft Paris, Ubisoft Montpellier",Misc,6.87
Firaxis Games,Strategy,6.82
EA Redwood Shores,Action,6.81
Argonaut Games,Action,6.74
Midway,Misc,6.74
Stormfront Studios,Action,6.72
Capcom,Adventure,6.71
Sumo Digital,Sports,6.64
Sports Interactive,Sports,6.56
Avalanche Studios,Action,6.55
Retro Studios,Shooter,6.55
Digital Eclipse,Misc,6.48
Arc System Works,Fighting,6.46
Climax Group,Racing,6.43
CD Projekt Red Studio,Role-Playing,6.38
Massive Entertainment,Shooter,6.37
FUN Labs,Sports,6.33
THQ,Misc,6.28
Namco,Simulation,6.28
High Voltage Software,Action,6.27
Black Box,Racing,6.22
Eurocom Entertainment Software,Shooter,6.21
FreeStyleGames,Misc,6.2
Rare Ltd.,Sports,6.19
Dimps Corporation,Platform,6.13
Sand Grain Studios,Sports,6.11
Slightly Mad Studios,Racing,6.1
Monolith Productions,Action,6.09
Ubisoft Paris,Shooter,6.08
Ubisoft Quebec,Action,6.03
Sonic Team,Misc,6.03
Next Level Games,Action,6.02
Backbone Entertainment,Misc,5.99
Volition Inc.,Shooter,5.96
Bandai Namco Games,Role-Playing,5.91
PlatinumGames,Action,5.91
Taito Corporation,Simulation,5.9
Atlus,Role-Playing,5.88
Team Bondi,Adventure,5.87
Namco,Shooter,5.82
Heavy Iron Studios,Action,5.81
Red Storm Entertainment,Shooter,5.81
Digital Eclipse,Platform,5.74
Amaze Entertainment,Action,5.72
EA Canada,Fighting,5.71
EA Bright Light,Action,5.7
Zoe Mode,Misc,5.67
KCET,Action,5.56
EA Chicago,Fighting,5.55
Team Ninja,Action,5.54
Intelligent Systems,Racing,5.47
Avalanche Software,Platform,5.44
Spark Unlimited,Shooter,5.41
Konami,Platform,5.4
Naughty Dog,Shooter,5.38
Genius Sonority Inc.,Role-Playing,5.37
Electronic Arts,Simulation,5.36
Naughty Dog,Racing,5.34
Ready at Dawn,Action,5.33
Altron,Action,5.32
Camelot Software Planning,Sports,5.22
Sega,Misc,5.06
Ubisoft Montpellier,Action,5.05
ArtePiazza,Role-Playing,5.02
Ubisoft Montpellier,Platform,5
"Neversoft Entertainment, BudCat",Misc,4.98
Virtual Toys,Simulation,4.98
Ghost Games,Racing,4.98
"Kojima Productions, Moby Dick Studio",Action,4.98
Bullfrog Productions,Strategy,4.96
EA Sports,Racing,4.96
Avalanche Software,Action,4.93
Quantic Dream,Adventure,4.93
"Naughty Dog, SCE/WWS",Action,4.92
Intelligent Systems,Strategy,4.91
Respawn Entertainment,Shooter,4.91
Ubisoft Montreal,Sports,4.91
Crytek,Action,4.87
Acquire,Action,4.82
EA Tiburon,Racing,4.71
Aki Corp.,Fighting,4.71
Fox Interactive,Racing,4.66
Eutechnyx,Racing,4.66
1st Playable Productions,Adventure,4.65
EA Montreal,Shooter,4.61
Exakt,Shooter,4.58
Monolith Soft,Role-Playing,4.57
Shaba Games,Sports,4.57
Namco,Racing,4.57
Vicarious Visions,Sports,4.54
Next Level Games,Sports,4.49
2K Marin,Shooter,4.49
NuFX,Sports,4.48
id Software,Shooter,4.48
5TH Cell,Puzzle,4.46
Team Ninja,Fighting,4.43
Rare Ltd.,Platform,4.4
Now Production,Action,4.35
Irrational Games,Shooter,4.31
ChunSoft,Role-Playing,4.29
From Software,Simulation,4.28
Jupiter Corporation,Role-Playing,4.24
Arkane Studios,Action,4.22
Ready at Dawn,Platform,4.21
EA Sports,Fighting,4.21
"Nintendo, Nd Cube",Misc,4.21
"SCEE, Zoe Mode",Misc,4.2
Electronic Arts,Racing,4.19
Nippon Ichi Software,Role-Playing,4.19
Electronic Arts,Shooter,4.19
WB Games Montreal,Action,4.17
"Warner Bros. Interactive Entertainment, NetherRealm Studios",Fighting,4.16
Visceral Games,Action,4.13
THQ,Fighting,4.13
BudCat,Misc,4.12
Black Rock Studio,Racing,4.11
PopCap,Shooter,4.08
Full Fat,Simulation,4.07
Artoon,Platform,4.05
Magic Pockets,Simulation,4.05
Tango Gameworks,Action,4.03
"Spike, Namco Bandai Games",Fighting,4.02
EA Redwood Shores,Simulation,4.02
Indies Zero,Misc,4.01
Creative Assembly,Strategy,4
Ninja Theory,Action,3.97
"Z-Axis, Ltd.",Sports,3.97
Nintendo,Strategy,3.94
Namco Bandai Games,Fighting,3.94
Reflections Interactive,Racing,3.92
Rockstar Studios,Shooter,3.9
Artificial Mind and Movement,Platform,3.9
Ubisoft,Shooter,3.89
Sucker Punch,Platform,3.85
"SCEA, Zindagi Games",Sports,3.84
"Nintendo, Namco Bandai Games",Misc,3.83
Eurocom Entertainment Software,Misc,3.8
Namco,Action,3.79
Milestone S.r.l,Racing,3.78
Camelot Software Planning,Role-Playing,3.76
Acclaim Studios Cheltenham,Racing,3.75
Blizzard Entertainment,Shooter,3.73
EA Vancouver,Racing,3.73
Black Box,Action,3.73
EA Games,Racing,3.72
Intelligent Systems,Platform,3.71
Insomniac Games,Platform,3.71
Ludia Inc.,Misc,3.69
Free Radical Design,Shooter,3.68
Edge of Reality,Simulation,3.68
Square Enix,Sports,3.68
Cavia Inc.,Action,3.67
BioWare,Action,3.67
Rockstar Leeds,Racing,3.65
Media Molecule,Platform,3.65
Dreamworks Interactive,Shooter,3.64
Angel Studios,Racing,3.6
Snowblind Studios,Role-Playing,3.59
Disney Interactive Studios,Misc,3.58
Office Create,Simulation,3.58
High Moon Studios,Action,3.57
HB Studios Multimedia,Sports,3.56
Intelligent Systems,Puzzle,3.55
Codemasters Birmingham,Racing,3.55
Team Soho,Action,3.54
Terminal Reality,Action,3.54
SCEA,Sports,3.53
Certain Affinity,Shooter,3.51
MachineGames,Shooter,3.5
Bizarre Creations,Racing,3.49
Paradigm Entertainment,Racing,3.49
Toys for Bob,Platform,3.49
SCE Japan Studio,Platform,3.48
Ubisoft Montpellier,Misc,3.46
Agenda,Misc,3.45
2K Czech,Action,3.44
"Luxoflux, Inc.",Platform,3.43
Krome Studios,Platform,3.41
Ensemble Studios,Strategy,3.39
Blitz Games,Misc,3.35
Namco,Role-Playing,3.33
Helixe,Action,3.32
Rockstar Toronto,Shooter,3.31
syn Sophia,Simulation,3.31
CAProduction,Sports,3.3
2K Sports,Sports,3.29
Neverland,Role-Playing,3.29
"Splash Damage, The Coalition",Shooter,3.28
Grasshopper Manufacture,Action,3.26
Sony Bend,Shooter,3.26
Rockstar Toronto,Action,3.25
"Irrational Games, 2K Marin",Shooter,3.24
Matrix Software,Role-Playing,3.24
City Interactive,Shooter,3.21
"Lexis Numerique, Virtual Toys",Simulation,3.2
Blitz Games,Action,3.18
Crytek,Shooter,3.18
Monkey Bar Games,Action,3.17
Sega AM2,Fighting,3.17
Vigil Games,Action,3.16
Vicarious Visions,Racing,3.16
From Software,Action,3.15
Game Arts,Role-Playing,3.15
n-Space,Shooter,3.15
Activision,Misc,3.13
Neversoft Entertainment,Action,3.13
Exient Entertainment,Sports,3.12
"Dimps Corporation, Sonic Team",Platform,3.12
Ubisoft,Racing,3.11
Square Enix,Fighting,3.11
"Dice, Danger Close",Shooter,3.1
UBlart Montpellier,Platform,3.1
4J Studios,Role-Playing,3.1
Mass Media,Puzzle,3.1
EA Tiburon,Action,3.1
WayForward,Platform,3.08
Pivotal Games,Shooter,3.08
EA Salt Lake,Sports,3.06
Blue Castle Games,Action,3.04
Artificial Mind and Movement,Adventure,3.04
Nintendo,Adventure,3.03
Koei,Strategy,3.03
Headstrong Games,Misc,3.02
Juice Games,Racing,3.02
Junction Point,Platform,3
"Majesco Games, Majesco",Sports,2.99
Maxis,Misc,2.99
Artefacts Studio,Misc,2.99
Amusement Vision,Puzzle,2.98
Monster Games Inc.,Racing,2.97
Asobo Studio,Action,2.97
Atlus Co.,Role-Playing,2.97
Oddworld Inhabitants,Platform,2.96
Beenox,Action,2.96
"LucasArts, BioWare",Role-Playing,2.96
Kaos Studios,Shooter,2.93
Exient Entertainment,Racing,2.92
EA DICE,Platform,2.92
Sega,Platform,2.91
Backbone Entertainment,Racing,2.9
Terminal Reality,Shooter,2.89
OfficeCreate,Simulation,2.89
Midway Studios - San Diego,Puzzle,2.89
Danger Close,Action,2.89
SCE Japan Studio,Action,2.89
DC Studios,Action,2.84
"EA DICE, Danger Close",Shooter,2.81
Hellbent Games,Strategy,2.79
Digital Extremes,Shooter,2.79
Webfoot Technologies,Role-Playing,2.78
Tecmo,Simulation,2.76
SNK Playmore,Fighting,2.75
Acclaim,Racing,2.75
Robomodo,Sports,2.74
Eidos Montreal,Shooter,2.74
TOSE,Platform,2.73
Griptonite Games,Simulation,2.73
Factor 5,Simulation,2.7
VIS Entertainment,Action,2.7
Vicarious Visions,Role-Playing,2.69
Genki,Racing,2.69
Ryu ga Gotoku Studios,Action,2.66
Big Blue Box,Role-Playing,2.66
Team Fusion,Shooter,2.65
Page 44 Studios,Sports,2.65
Sonic Team,Racing,2.64
Rare Ltd.,Simulation,2.64
EA Sports Big,Sports,2.63
Microsoft Game Studios,Sports,2.63
Hangar 13,Action,2.62
Cooking Mama Limited,Simulation,2.62
NanaOn-Sha,Simulation,2.61
CyberConnect2,Role-Playing,2.61
Codemasters,Shooter,2.56
8ing/Raizing,Fighting,2.56
Blue Castle Games,Sports,2.55
Sumo Digital,Platform,2.54
Project Aces,Simulation,2.53
TOSE,Misc,2.52
"Ubisoft Reflections, Ivory Tower",Racing,2.52
Virtuos,Racing,2.51
Konami Computer Entertainment Hawaii,Adventure,2.5
Playground Games,Racing,2.48
Paradox Development,Fighting,2.47
Edge of Reality,Action,2.46
Giants Software,Simulation,2.46
Cyan Worlds,Adventure,2.45
THQ,Adventure,2.45
Pandemic Studios,Action,2.44
49Games,Sports,2.43
"Koei, Omega Force",Action,2.43
Starbreeze,Shooter,2.42
Day 1 Studios,Shooter,2.42
Alfa System,Role-Playing,2.39
Creative Assembly,Shooter,2.39
Griptonite Games,Platform,2.38
Namco Bandai Games,Misc,2.38
EA Redwood Shores,Sports,2.36
Frontier Developments,Misc,2.35
GREZZO,Action,2.34
"Rare Ltd., BigPark",Sports,2.34
Vicarious Visions,Shooter,2.33
Capcom,Platform,2.33
Rockstar San Diego,Sports,2.33
Point of View,Sports,2.33
ArenaNet,Action,2.31
Sony Online Entertainment,Role-Playing,2.3
Incinerator Games,Racing,2.28
"HAL Labs, Creatures Inc.",Role-Playing,2.28
Studio Liverpool,Racing,2.27
LucasArts,Simulation,2.26
Taito Corporation,Puzzle,2.26
Gust,Role-Playing,2.26
Techland,Shooter,2.26
Frontier Developments,Strategy,2.25
Namco Bandai Games,Sports,2.24
Acclaim,Shooter,2.24
Propaganda Games,Action,2.23
Ubisoft Toronto,Action,2.23
Capcom Vancouver,Action,2.22
Genuine Games,Action,2.21
Amaze Entertainment,Shooter,2.19
EA Bright Light,Misc,2.19
h.a.n.d. Inc.,Role-Playing,2.19
Jupiter Corporation,Puzzle,2.19
ZeniMax Media,Role-Playing,2.18
Clover Studio,Action,2.18
iNiS,Misc,2.18
Etranges Libellules,Platform,2.17
Beenox,Platform,2.17
HAL Labs,Role-Playing,2.15
LucasArts,Shooter,2.15
Firebrand Games,Racing,2.14
Sanzaru Games,Platform,2.14
Neversoft Entertainment,Shooter,2.14
Square Enix,Action,2.14
KCET,Simulation,2.13
Digital Eclipse,Action,2.13
Mercury Steam,Action,2.11
Ubisoft,Adventure,2.11
NanaOn-Sha,Misc,2.11
Farsight Studios,Misc,2.11
Konami Computer Entertainment Hawaii,Simulation,2.1
Surreal Software,Action,2.1
Helixe,Racing,2.1
Jellyvision,Misc,2.1
Ubisoft,Platform,2.08
Blue Planet Software,Puzzle,2.08
"Electronic Arts, Rebellion",Action,2.08
Virtuos,Role-Playing,2.07
Natsume,Action,2.06
SuperMassive Games,Adventure,2.05
"Red Storm Entertainment, Ubisoft Paris",Shooter,2.05
Bandai Namco Games,Fighting,2.04
High Voltage Software,Sports,2.03
United Front Games,Action,2.03
Big Huge Games,Role-Playing,2.02
Io Interactive,Shooter,2.02
Yuke's,Action,2.02
Vanillaware,Role-Playing,2.01
"Gearbox Software, 3D Realms",Shooter,2
Rockstar San Diego,Shooter,2
Nihilistic,Action,2
EA Bright Light,Puzzle,2
7 Studios,Action,1.99
Ubisoft Reflections,Racing,1.99
Art,Adventure,1.98
Slant Six,Action,1.98
Sega,Role-Playing,1.97
Savage Entertainment,Shooter,1.97
Check Six Games,Platform,1.97
Activision,Simulation,1.97
Remedy Entertainment,Action,1.97
Splash Damage,Shooter,1.96
Gaijin Entertainment,Simulation,1.96
"PLAYGROUND, Playground Games",Racing,1.96
"Flagship, HAL Labs",Platform,1.94
Blue Tongue Entertainment,Platform,1.93
Helixe,Platform,1.92
Secret Level,Action,1.92
Double Fine Productions,Action,1.91
Reality Pump,Role-Playing,1.9
MTO,Simulation,1.9
Game Republic,Action,1.89
Namco,Misc,1.88
K2 LLC,Action,1.88
Incognito Inc.,Racing,1.88
Papaya Studios,Misc,1.88
Namco Bandai Games,Racing,1.88
SCEE London Studio,Action,1.88
Rare Ltd.,Adventure,1.87
SCEI,Role-Playing,1.86
CD Projekt Red Studio,Action,1.86
Bethesda Softworks,Racing,1.86
505 Games,Simulation,1.85
Snowblind Studios,Action,1.85
Creative Assembly,Platform,1.83
Razorworks Studios,Racing,1.83
WayForward,Action,1.82
Ubisoft Shanghai,Shooter,1.82
Namco,Puzzle,1.82
Konami,Role-Playing,1.82
"Image Epoch, Imageepoch",Role-Playing,1.81
Marvelous Entertainment,Simulation,1.8
Torus Games,Racing,1.8
Melbourne House,Shooter,1.79
Endemol,Misc,1.79
"Sega, Sonic Team",Platform,1.79
Turtle Rock Studios,Shooter,1.79
Bandai Namco Games,Sports,1.78
Vicious Cycle,Shooter,1.78
Altron,Adventure,1.78
Team 17,Strategy,1.78
Tantalus Interactive,Racing,1.78
ImaginEngine,Misc,1.77
Radical Entertainment,Platform,1.77
Namco,Sports,1.76
Pitbull Syndicate,Racing,1.76
5TH Cell,Action,1.76
Sumo Digital,Racing,1.75
Realtime Worlds,Shooter,1.75
Acclaim Studios Austin,Sports,1.75
SCEE,Misc,1.74
"Ready at Dawn, SCE Santa Monica",Shooter,1.74
Exient Entertainment,Strategy,1.72
Acclaim,Sports,1.72
3d6 Games,Puzzle,1.71
"Epic Games, People Can Fly",Shooter,1.71
Coresoft,Misc,1.71
Bugbear,Racing,1.71
Pam Development,Action,1.71
Konami,Adventure,1.71
Hello Games,Action,1.7
Sports Interactive,Simulation,1.7
Slant Six,Shooter,1.69
Bizarre Creations,Shooter,1.69
"Pipeworks Software, Inc.",Fighting,1.68
Farsight Studios,Puzzle,1.68
h.a.n.d. Inc.,Sports,1.68
Cavia Inc.,Role-Playing,1.68
EA LA,Puzzle,1.67
TT Fusion,Misc,1.67
Black Lantern Studios,Simulation,1.67
Xpec,Action,1.67
Criterion Games,Shooter,1.67
Digital Kids,Simulation,1.66
Sega AM2,Adventure,1.65
Black Lantern Studios,Misc,1.65
Neko Entertainment,Simulation,1.65
Blitz Games,Platform,1.65
KCET,Role-Playing,1.64
Black Ops Entertainment,Action,1.64
Eurocom Entertainment Software,Platform,1.63
SCEI,Platform,1.63
n-Space,Adventure,1.63
2K Australia,Shooter,1.62
EA Seattle,Racing,1.62
Midway Studios - Austin,Shooter,1.62
Cat Daddy Games,Sports,1.62
Sega,Racing,1.62
"Namco Bandai Games America, Namco Bandai Games",Fighting,1.62
Frontier Developments,Simulation,1.62
HAL Labs,Racing,1.62
Behaviour Interactive,Action,1.61
Ubisoft Quebec,Strategy,1.61
HAL Labs,Action,1.6
KCET,Shooter,1.6
"Mistwalker, Artoon",Role-Playing,1.6
Ubisoft Shanghai,Strategy,1.59
Papaya Studios,Adventure,1.58
Midway,Shooter,1.58
Red Fly Studio,Action,1.58
Powerhead Games,Simulation,1.57
Steel Monkeys,Racing,1.57
Beenox,Misc,1.57
Ubisoft Montreal,Misc,1.57
Konami,Misc,1.57
High Voltage Software,Misc,1.56
Telltale Games,Adventure,1.56
KCE Studios,Action,1.56
Ubisoft,Puzzle,1.55
Digital Illusions,Shooter,1.55
THQ,Sports,1.55
Griptonite Games,Adventure,1.55
Koei,Action,1.55
Light Weight,Fighting,1.55
Blitz Games Studios,Sports,1.54
Mind Candy,Misc,1.54
Treyarch,Platform,1.54
The Code Monkeys,Sports,1.54
GRIN,Shooter,1.54
Art,Platform,1.53
"Naughty Dog, Sony Bend",Shooter,1.53
Papaya Studios,Action,1.53
TOSE,Adventure,1.51
"Genius Sonority Inc., Disney Interactive Studios",Adventure,1.51
"Square Enix, Tri-Ace",Role-Playing,1.51
Nixxes Software,Action,1.51
Midway,Action,1.5
Namco Bandai Games,Role-Playing,1.5
Artificial Mind and Movement,Shooter,1.49
Eden,Racing,1.49
Eighting,Fighting,1.49
Day 1 Studios,Simulation,1.49
Sega,Action,1.48
Square Enix,Shooter,1.48
Barking Lizards,Adventure,1.48
Treyarch,Sports,1.47
Racjin,Role-Playing,1.46
Airtight Games,Action,1.45
BigPark,Racing,1.43
Planet Moon Studios,Misc,1.43
"Blue Byte, Related Designs",Strategy,1.43
"EA Canada, Nihilistic",Fighting,1.43
Bandai,Simulation,1.42
"Digital Extremes, 2K Marin",Shooter,1.42
Tantalus Interactive,Action,1.42
"Pipeworks Software, Inc.",Action,1.42
Flagship,Action,1.42
Barnstorm Games,Misc,1.41
Anchor,Fighting,1.41
Indie Built,Sports,1.41
UDS,Racing,1.39
PlatinumGames,Shooter,1.39
"Kush Games, Visual Concepts",Sports,1.39
Capcom,Simulation,1.39
Magic Pockets,Sports,1.39
"Crystal Dynamics, Nixxes Software",Action,1.38
Arzest,Platform,1.38
Acclaim,Fighting,1.38
Blitz Games,Shooter,1.38
Crystal Dynamics,Adventure,1.38
"Square Enix, Think and Feel",Role-Playing,1.37
Big Sky Software,Platform,1.37
Nex Entertainment,Shooter,1.37
BudCat,Sports,1.36
TT Games,Platform,1.36
Bluepoint Games,Shooter,1.36
"Climax Group, Climax Studios",Action,1.35
The Coalition,Shooter,1.35
Edge of Reality,Platform,1.34
Engine Software,Action,1.34
"Dimps Corporation, Namco Bandai Games",Fighting,1.34
Rockstar Vienna,Shooter,1.34
Project Soul,Fighting,1.33
Pandemic Studios,Strategy,1.33
Climax Group,Action,1.33
Team Fusion,Racing,1.32
Rare Ltd.,Racing,1.32
M2,Misc,1.32
"Tetris Online, Inc",Puzzle,1.32
Inti,Platform,1.31
Radical Entertainment,Racing,1.31
Digital Illusions,Platform,1.31
Ubisoft Romania,Action,1.31
Blue Fang Games,Simulation,1.31
Activision,Racing,1.3
Falcom,Role-Playing,1.3
Runecraft,Shooter,1.3
SCEA,Misc,1.3
Good-Feel,Platform,1.3
Ubisoft Sofia,Action,1.29
Pocket Studios,Platform,1.29
Creatures Inc.,Role-Playing,1.29
Chris Sawyer,Strategy,1.29
Activision,Action,1.28
"THQ, Yuke's",Action,1.27
"Nintendo, Spike Chunsoft",Role-Playing,1.27
Nex Entertainment,Action,1.27
3G Studios,Sports,1.27
"Opus, Project Sora",Action,1.27
Tamsoft,Fighting,1.27
EA Games,Simulation,1.27
Altron,Strategy,1.27
Avalanche Software,Adventure,1.26
Dimps Corporation,Action,1.26
"Nintendo, Nintendo Software Technology",Puzzle,1.26
SCEE London Studio,Simulation,1.26
Altron,Racing,1.25
"Spike Chunsoft Co. Ltd., Spike Chunsoft",Role-Playing,1.25
"Capcom, Pipeworks Software, Inc.",Action,1.25
"Tarsier Studios, Double Eleven",Platform,1.25
Sting,Role-Playing,1.25
Creative Assembly,Action,1.24
"id Software, Raven Software",Shooter,1.24
Yager,Shooter,1.24
505 Games,Misc,1.24
PopCap,Puzzle,1.23
Magic Pockets,Action,1.23
h.a.n.d. Inc.,Adventure,1.23
Crave,Misc,1.23
Dancing Dots,Simulation,1.23
Project Aces,Action,1.23
Tri-Crescendo,Role-Playing,1.22
neo Software,Shooter,1.22
Gorilla Systems,Adventure,1.22
Shaba Games,Action,1.21
"Ascaron Entertainment GmbH, Ascaron Entertainment",Role-Playing,1.21
Matrix Software,Simulation,1.21
Spicy Horse,Adventure,1.2
Gorilla Games,Sports,1.2
Relic,Shooter,1.2
Monolith Productions,Shooter,1.2
Pocketeers,Racing,1.2
High Impact Games,Platform,1.2
Piranha Bytes,Role-Playing,1.2
Destineer,Sports,1.2
Locomotive Games,Racing,1.2
Eden Studios,Racing,1.19
n-Space,Action,1.19
Amaze Entertainment,Platform,1.19
Aspect,Action,1.19
Blizzard North,Role-Playing,1.19
Nintendo EAD Tokyo,Puzzle,1.19
SCE Japan Studio,Misc,1.18
Black Box,Sports,1.18
RED Entertainment,Role-Playing,1.18
Bigbig Studios,Racing,1.18
"Omega Force, Tecmo Koei Games",Action,1.18
Kouyousha,Sports,1.18
Maxis,Strategy,1.17
Creatures Inc.,Adventure,1.17
"CyberConnect2, Racjin",Fighting,1.17
Papaya Studios,Platform,1.16
Konami,Shooter,1.16
Black Lantern Studios,Platform,1.16
Page 44 Studios,Racing,1.15
Atomic Planet Entertainment,Platform,1.14
n-Space,Role-Playing,1.14
Barnhouse Effect,Racing,1.14
Digital Illusions,Racing,1.14
Vingt-et-un Systems,Action,1.14
Ambrella,Action,1.14
Infinite Interactive,Puzzle,1.14
Relic,Strategy,1.13
Trion Worlds,Shooter,1.13
"Level 5, Brownie Brown",Role-Playing,1.13
United Front Games,Racing,1.12
Exakt,Racing,1.12
Nerve Software,Shooter,1.12
Ruffian Games,Shooter,1.12
Pandemic Studios,Sports,1.12
Pacific Coast Power & Light,Racing,1.12
Incinerator Games,Action,1.11
"EA Sports, EA Canada",Sports,1.11
Silicon Knights,Action,1.11
Jester Interactive,Racing,1.11
Pacific Coast Power & Light,Action,1.11
"LucasArts, Krome Studios",Action,1.11
Longtail Studios,Misc,1.11
Take-Two Interactive,Sports,1.1
TOSE,Strategy,1.1
High Voltage Software,Platform,1.1
2K Czech,Sports,1.1
Rage Software,Fighting,1.1
Creat Studios,Racing,1.09
Magic Pockets,Adventure,1.09
"EA Redwood Shores, EA Salt Lake",Shooter,1.09
"Mad Doc Software, Rockstar Vancouver",Action,1.09
SEGA Racing Studio,Racing,1.09
Amusement Vision,Adventure,1.09
Ubisoft,Fighting,1.09
Arika,Adventure,1.09
Media Vision,Role-Playing,1.08
Gameloft,Racing,1.08
Vingt-et-un Systems,Sports,1.08
Webfoot Technologies,Fighting,1.08
Novarama,Strategy,1.08
Visual Impact,Simulation,1.08
Ubisoft Shanghai/Paris,Shooter,1.08
Titus Software,Simulation,1.07
SCEE,Sports,1.07
EA Games,Shooter,1.06
Nd Cube,Racing,1.06
Incognito Inc.,Simulation,1.06
Silicon Studio,Role-Playing,1.06
Hypnotix,Sports,1.06
Microsoft Game Studios,Racing,1.05
Eugen Systems,Strategy,1.05
Overkill Software,Shooter,1.05
Sega AM3,Sports,1.05
Evolution Games,Platform,1.05
Arika,Fighting,1.05
Sonic Team,Role-Playing,1.04
Tecmo,Action,1.04
MTO,Racing,1.04
Raven Software,Shooter,1.03
"Electronic Arts, EA Redwood Shores",Action,1.03
Avanquest Software,Misc,1.03
Marvelous,Role-Playing,1.03
Electronic Arts,Adventure,1.03
"Tantalus Interactive, Tantatus, Nintendo",Action,1.03
Mistwalker,Role-Playing,1.02
Koei,Role-Playing,1.02
"Sega, Dimps Corporation",Platform,1.02
Piranha Games,Sports,1.02
Eighting/Raizing,Fighting,1.02
"Team Ninja, Tecmo",Action,1.01
THQ Digital Studio Phoenix,Racing,1.01
Exakt,Action,1.01
Atlus,Adventure,1.01
Hyde,Adventure,1.01
Deibus Studios,Racing,1
EA Salt Lake,Shooter,1
EA Montreal,Misc,1
Midway Studios - Los Angeles,Action,1
Ubisoft,Strategy,0.99
DreamFactory,Action,0.99
Route 1 Games,Puzzle,0.99
Sega Studios San Francisco,Action,0.99
Sidhe Interactive,Racing,0.99
Page 44 Studios,Misc,0.99
Etranges Libellules,Adventure,0.98
Racjin,Fighting,0.98
Black Isle Studios,Role-Playing,0.98
Blitz Games Studios,Action,0.98
Rockstar London,Racing,0.98
Ratbag,Racing,0.97
GenePool,Platform,0.97
Illusion Softworks,Action,0.97
Koei Tecmo Games,Action,0.97
JGI Entertainment,Fighting,0.97
Pyramid,Fighting,0.96
"Vicarious Visions, Neversoft Entertainment",Misc,0.96
4A Games,Action,0.96
Overworks,Platform,0.96
Ubisoft Vancouver,Sports,0.96
3DO,Sports,0.95
SCEE London Studio,Adventure,0.95
High Voltage Software,Adventure,0.95
Monster Games Inc.,Simulation,0.95
TOSE,Action,0.95
Inti Creates,Platform,0.95
Brownie Brown,Role-Playing,0.95
Incognito Inc.,Action,0.95
Atari,Misc,0.95
SuperBot Entertainment,Action,0.95
Rockstar Vancouver,Action,0.94
Fuse Games Limited,Misc,0.94
"High Voltage Software, Backbone Entertainment",Adventure,0.94
Takara,Action,0.94
"Terminal Reality, 4mm Games",Misc,0.94
Buzz Monkey,Sports,0.94
Humongous Entertainment,Sports,0.93
"Shift, Bandai Namco Games",Action,0.93
Haemimont,Strategy,0.93
Full Fat,Action,0.93
AWE Games,Adventure,0.93
"Square Enix, h.a.n.d. Inc.",Role-Playing,0.93
Big Blue Bubble Inc.,Puzzle,0.93
Team 17,Puzzle,0.92
Take-Two Interactive,Misc,0.91
Avalanche Software,Fighting,0.91
Marvelous AQL,Action,0.91
Bandai,Role-Playing,0.9
Firebrand Games,Action,0.9
High Impact Games,Action,0.89
Arika,Simulation,0.89
Cing,Adventure,0.89
7 Studios,Misc,0.89
KCEK,Platform,0.89
Webfoot Technologies,Action,0.89
Brain Toys,Simulation,0.89
Compile Heart,Role-Playing,0.89
Kalypso,Simulation,0.89
Team Ninja,Sports,0.89
Gearbox Software,Misc,0.88
Keen Games,Action,0.88
WayForward,Adventure,0.88
Collision Studios,Sports,0.88
"Human Soft, Ivolgamus",Adventure,0.88
Warthog,Platform,0.88
SuperVillain Studios,Action,0.88
EA Games,Role-Playing,0.87
Rockstar London,Action,0.87
FASA Studio,Simulation,0.87
"Media Molecule, United Front Games",Action,0.87
SCi,Shooter,0.87
Toolbox Design,Racing,0.86
Ganbarion,Action,0.86
Cygames,Role-Playing,0.86
Secret Level,Simulation,0.86
T&E Soft,Sports,0.85
Gorilla Systems,Action,0.85
Page 44 Studios,Puzzle,0.85
Headstrong Games,Shooter,0.85
Land Ho!,Sports,0.85
Sega,Sports,0.85
SCEE London Studio,Sports,0.85
3DO,Action,0.84
"Climax Group, Climax Studios",Racing,0.84
MumboJumbo,Puzzle,0.84
Sega,Fighting,0.84
Visual Impact,Action,0.84
EA Montreal,Racing,0.83
Ubisoft Quebec,Misc,0.83
Digital Anvil,Shooter,0.83
"Harmonix Music Systems, Demiurge Studios",Misc,0.82
"Ubisoft, Sensory Sweep",Misc,0.82
"Treyarch, Sledgehammer Games",Shooter,0.82
"Ready at Dawn, SCE Santa Monica",Action,0.82
Activision,Shooter,0.81
"Red Storm Entertainment, Ubisoft Montreal",Shooter,0.81
SCEE,Adventure,0.81
Gevo Entertainment,Simulation,0.81
Asobo Studio,Platform,0.8
Blitz Games,Adventure,0.8
Amusement Vision,Action,0.8
Guerilla Cambridge,Shooter,0.8
Atlus,Simulation,0.8
Skyworks Technologies,Racing,0.79
Kuju Entertainment,Shooter,0.79
Rare Ltd.,Misc,0.79
Rainbow Studios,Sports,0.79
Point of View,Action,0.79
"Team 17, Two Tribes",Strategy,0.79
Q Entertainment,Shooter,0.78
Torus Games,Adventure,0.78
Shin'en,Shooter,0.78
Midway,Racing,0.78
"Machatin, Inc.",Simulation,0.78
Silicon Knights,Role-Playing,0.78
Toys for Bob,Sports,0.78
Eden Studios,Adventure,0.78
"Namco Bandai Games America, Namco Bandai Games",Action,0.78
"Sumo Digital, Playground Games",Racing,0.78
Trilobyte,Adventure,0.78
4A Games,Shooter,0.78
"Omega Force, Koei Tecmo Games",Action,0.77
"City Interactive, Deck 13",Role-Playing,0.77
Point of View,Shooter,0.77
Ambrella,Racing,0.77
Rare Ltd.,Shooter,0.77
Smack Down Productions,Misc,0.77
Saffire,Action,0.77
FUN Labs,Shooter,0.77
"Artificial Mind and Movement, Polygon Magic",Shooter,0.77
David A. Palmer Productions,Action,0.77
EA Chicago,Action,0.76
Piranha Games,Racing,0.76
Vicarious Visions,Adventure,0.76
Blitz Games Studios,Misc,0.76
Natsume,Simulation,0.76
Exient Entertainment,Misc,0.76
Black Lantern Studios,Action,0.76
"LucasArts, Red Fly Studio",Action,0.76
Opus,Fighting,0.75
Red Tribe,Action,0.75
Planet Moon Studios,Puzzle,0.75
High Voltage Software,Shooter,0.75
SCEA Sports Studio,Sports,0.75
Appaloosa Interactive,Action,0.75
KCEJ,Shooter,0.75
Creatures Inc.,Action,0.75
Artoon,Action,0.74
EA Bright Light,Racing,0.74
Etranges Libellules,Action,0.74
Stormfront Studios,Sports,0.74
Idol Minds,Sports,0.74
"Treyarch, Shaba Games",Action,0.74
Blitz Games,Simulation,0.74
Frogwares,Adventure,0.74
THQ,Platform,0.74
WBIE,Role-Playing,0.74
Kuju Entertainment,Strategy,0.74
Pam Development,Sports,0.73
Dearsoft,Sports,0.73
Totally Games,Simulation,0.73
Blue Shift,Sports,0.73
Amaze Entertainment,Adventure,0.73
MagicWand,Sports,0.73
"Idea Factory, Compile Heart",Role-Playing,0.73
Arcade Moon,Sports,0.73
Studio Gigante,Fighting,0.72
Webfoot Technologies,Adventure,0.72
"Zoe Mode, HB Studios Multimedia",Misc,0.72
Realism Ltd,Puzzle,0.72
EA Tiburon,Fighting,0.72
Saber Interactive,Shooter,0.72
Victor Interactive Software,Simulation,0.72
Volition Inc.,Role-Playing,0.72
Terminal Reality,Racing,0.72
Mastiff,Sports,0.72
"id Software, Nerve Software",Shooter,0.71
Equinoxe,Platform,0.71
Human Soft,Adventure,0.71
Inevitable Entertainment,Platform,0.71
Pipe Dream Interactive,Shooter,0.71
Virtucraft,Action,0.7
Gameloft,Puzzle,0.7
"SCEA, Sims",Platform,0.7
Visual Impact,Racing,0.7
"Eighting, Genius Sonority Inc.",Role-Playing,0.7
FUN Labs,Action,0.7
Gas Powered Games,Strategy,0.7
WayForward,Misc,0.7
Ubisoft Milan,Sports,0.69
Collision Studios,Action,0.69
Hypnos Entertainment,Action,0.69
RedLynx,Racing,0.69
Ubisoft Romania,Simulation,0.69
Remedy Entertainment,Shooter,0.69
Armature Studio,Action,0.69
Game Machine Studios,Action,0.68
Natsume,Fighting,0.68
"Z-Axis, Ltd.",Action,0.68
Tomy Corporation,Fighting,0.68
"BioWare, Demiurge Studios",Role-Playing,0.67
Magenta Software,Misc,0.67
Ignition Entertainment,Action,0.67
MachineGames,Action,0.67
Marvelous Inc.,Action,0.67
Exient Entertainment,Simulation,0.67
Skyworks Technologies,Misc,0.67
Trion Worlds,Role-Playing,0.67
"RED Entertainment, Artdink",Role-Playing,0.67
Psyonix,Sports,0.67
Triumph Studios,Action,0.67
Delphine Software International,Role-Playing,0.66
Locomotive Games,Action,0.66
3DO,Shooter,0.66
Lab Rats Games,Sports,0.66
Inti Creates,Action,0.66
Genius Sonority Inc.,Misc,0.66
Zombie Studios,Action,0.66
Indies Zero,Action,0.66
Cunning Developments,Simulation,0.66
Amusement Vision,Racing,0.65
Suzak,Platform,0.65
Argonaut Games,Shooter,0.65
"Krome Studios, Screenlife Games",Misc,0.65
"Dimps Corporation, SCE Japan Studio",Role-Playing,0.65
Yuke's,Adventure,0.65
Razorworks,Racing,0.65
Epicenter Studios,Action,0.64
Iron Galaxy Studios,Shooter,0.64
KCET,Platform,0.64
Takara Tomy,Fighting,0.64
Adrenium,Platform,0.64
KCEA,Misc,0.64
CyberConnect2,Action,0.64
GRIN,Platform,0.64
Computer Artworks,Adventure,0.64
Ubisoft Casablanca,Platform,0.64
Mistic Software,Sports,0.64
Exient Entertainment,Action,0.63
Spike Chunsoft,Action,0.63
Access Games,Role-Playing,0.63
Kuusou Kagaku,Role-Playing,0.63
"Media Vision, Contrail",Role-Playing,0.62
Paon Corporation,Racing,0.62
Eidos Interactive,Strategy,0.62
High Voltage Software,Simulation,0.62
Monumental Games,Racing,0.62
Point of View,Fighting,0.62
Hudson,Puzzle,0.62
Point of View,Racing,0.61
Take-Two Interactive,Adventure,0.61
KCEO,Sports,0.61
"Bandai Namco Games, Artdink",Role-Playing,0.61
Cinegroupe,Platform,0.61
Media Molecule,Adventure,0.61
THQ,Puzzle,0.61
Aki Corp.,Simulation,0.6
Ubisoft Shanghai,Platform,0.6
"Jellyvision, Iron Galaxy Studios",Misc,0.6
D3Publisher,Action,0.6
Natsume,Sports,0.6
Ryu ga Gotoku Studios,Shooter,0.6
Blitz Games,Sports,0.6
Treasure,Fighting,0.6
Argonaut Games,Platform,0.59
Backbone Vancouver,Misc,0.59
Virtual Toys,Misc,0.59
Konami,Racing,0.59
Coldwood Interactive,Fighting,0.59
Psygnosis,Racing,0.59
Intelligent Systems,Misc,0.59
"Ritual Entertainment, Avalanche Software",Shooter,0.59
Sensory Sweep,Misc,0.59
Dreamworks Games,Shooter,0.59
Xpec,Platform,0.59
Asobo Studio,Sports,0.58
Midway,Role-Playing,0.58
UFO Interactive,Misc,0.58
Sega,Strategy,0.58
Square Enix,Strategy,0.58
"Valuewave Co.,Ltd.",Action,0.58
Telegames,Misc,0.58
Blue Byte,Strategy,0.58
Lightning Fish Games,Sports,0.58
Eurocom Entertainment Software,Sports,0.58
Asobo Studio,Adventure,0.58
Tantatus,Action,0.58
Tamsoft,Action,0.58
Nixxes Software,Shooter,0.58
Beyond Games,Racing,0.58
Bits Studios,Action,0.58
D3Publisher,Misc,0.58
Stormfront Studios,Shooter,0.57
DONTNOD Entertainment,Adventure,0.57
"Cyanide, Cyanide Studios",Role-Playing,0.57
Human Head Studios,Action,0.57
Nex Entertainment,Role-Playing,0.57
Bunkasha Publishing,Racing,0.57
Q Entertainment,Puzzle,0.57
Asobo Studio,Racing,0.57
"EA Canada, EA Vancouver",Sports,0.57
DONTNOD Entertainment,Action,0.56
"Namco Bandai Games, Bandai Namco Games",Role-Playing,0.56
Full-Fat,Puzzle,0.56
Awesome Studios,Puzzle,0.56
Digital Illusions,Misc,0.56
Bullets,Role-Playing,0.56
"Farsight Studios, Crave",Sports,0.56
TOYBOX,Role-Playing,0.56
Backbone Entertainment,Role-Playing,0.56
ValuSoft,Misc,0.56
Vanilla Ware,Role-Playing,0.56
Sandlot,Shooter,0.56
Black Ops Entertainment,Fighting,0.56
EA Montreal,Sports,0.56
Sidhe Interactive,Sports,0.56
HotGen,Sports,0.56
Wideload Games Inc.,Misc,0.56
Paradigm Entertainment,Action,0.56
Nuevo Retro Games,Puzzle,0.55
Zoo Games,Shooter,0.55
Zoo Games,Racing,0.55
Hothouse Creations,Misc,0.55
Deep Space,Action,0.55
Bam Entertainment,Fighting,0.55
Eidos Montreal,Role-Playing,0.55
Data Design Interactive,Misc,0.54
Left Field Productions,Racing,0.54
Bec,Role-Playing,0.54
Warthog,Shooter,0.54
Blue Tongue Entertainment,Action,0.54
Incognito Inc.,Fighting,0.54
Neko Entertainment,Adventure,0.54
Altron,Misc,0.54
Treasure,Platform,0.54
Intelligent Systems,Action,0.54
Tecmo,Sports,0.54
Double Helix Games,Shooter,0.54
Cerasus Media,Misc,0.54
Keen Games,Simulation,0.54
War Drum Studios,Action,0.54
WXP,Shooter,0.54
Q-Games,Shooter,0.53
City Interactive,Adventure,0.53
SCEA San Diego Studios,Racing,0.53
WXP,Action,0.53
Storm City Games,Puzzle,0.53
"High Voltage Software, Ubisoft Paris",Shooter,0.53
Deep Silver Dambuster Studios,Shooter,0.53
Human Soft,Puzzle,0.53
Raster,Shooter,0.53
Taito Corporation,Shooter,0.53
Wow Entertainment,Shooter,0.53
"Mercury Steam, Alchemic Productions",Shooter,0.53
2K Games,Shooter,0.53
Microsoft Game Studios,Simulation,0.52
Ganbarion,Role-Playing,0.52
Bandai Namco Games,Action,0.52
VU Games,Adventure,0.52
Shift,Role-Playing,0.52
5pb,Adventure,0.52
Vivarium,Simulation,0.52
Bandai Namco Games,Puzzle,0.52
Mistic Software,Misc,0.52
InXile Entertainment,Action,0.52
Double Fine Productions,Misc,0.52
Examu,Fighting,0.52
Swordfish Studios,Shooter,0.51
Blade Interactive,Racing,0.51
HexaDrive,Role-Playing,0.51
"Factor 5, SCE/WWS",Action,0.51
PopCap,Strategy,0.51
"SCE Japan Studio, comcept",Role-Playing,0.51
Spike Chunsoft,Fighting,0.51
"Jupiter Corporation, Jupiter Multimedia",Role-Playing,0.51
Sanzaru Games,Action,0.51
Blue Tongue,Platform,0.5
Contraband Entertainment,Misc,0.5
Atari,Action,0.5
Quest,Role-Playing,0.5
Cavia Inc.,Sports,0.5
Spike Chunsoft,Misc,0.5
Sidhe Interactive,Action,0.5
Melbourne House,Racing,0.5
HandMade Game,Adventure,0.5
EA Canada,Action,0.5
FuRyu,Role-Playing,0.5
HAL Labs,Puzzle,0.49
Artdink,Fighting,0.49
Cauldron Ltd.,Shooter,0.49
SCS Software,Simulation,0.49
Volatile Games,Shooter,0.49
Revolution Software,Adventure,0.49
Haemimont,Simulation,0.49
Larian Studios,Role-Playing,0.49
Monkey Bar Games,Racing,0.49
Crave,Sports,0.49
Crave,Puzzle,0.49
Smilebit,Shooter,0.48
"Harmonix Music Systems, Backbone Entertainment",Misc,0.48
Marvelous AQL,Misc,0.48
Human Soft,Action,0.48
SScholastic Media,Adventure,0.48
Game Republic,Adventure,0.48
Destination Software,Racing,0.48
"Screenlife Games, WXP",Misc,0.48
Rare Ltd.,Action,0.48
Capcom,Misc,0.48
"Scholastic, Inc.",Adventure,0.48
Inland Productions,Racing,0.48
Radical Entertainment,Sports,0.48
Cattle Call,Role-Playing,0.48
TT Games,Adventure,0.47
Phantagram,Strategy,0.47
Teyon,Action,0.47
"Ubisoft Barcelona, Ubisoft Reflections",Racing,0.47
Starfish SD,Misc,0.47
Gaijin Entertainment,Action,0.47
Bizarre Creations,Action,0.47
Virtuos,Action,0.47
Digital Kids,Action,0.47
SCEJ,Puzzle,0.47
FASA Studio,Role-Playing,0.47
Blizzard Entertainment,Action,0.47
New,Fighting,0.47
"Eurocom Entertainment Software, Visceral Games",Shooter,0.47
TOSE,Sports,0.47
Starfish,Misc,0.47
Team Fusion,Sports,0.47
Namco,Platform,0.47
Vatra,Action,0.46
Brash Entertainment,Platform,0.46
"Luxoflux, Inc.",Racing,0.46
InXile Entertainment,Role-Playing,0.46
"Activision, FreeStyleGames",Misc,0.46
SCEA,Action,0.46
"Nintendo, Headstrong Games",Action,0.46
Creations,Platform,0.46
ZootFly,Action,0.46
Buzz Monkey,Action,0.46
Atari,Racing,0.46
Griptonite Games,Role-Playing,0.46
Crawfish Interactive,Racing,0.46
Artificial Mind and Movement,Misc,0.45
BudCat,Puzzle,0.45
GungHo,Role-Playing,0.45
Climax Group,Shooter,0.45
Torus Games,Action,0.45
Headstrong Games,Action,0.45
Farsight Studios,Sports,0.45
K2,Role-Playing,0.45
Now Production,Puzzle,0.45
Sims,Sports,0.45
Humagade,Simulation,0.44
"Square Enix, TOSE",Action,0.44
Tantalus Interactive,Simulation,0.44
Kuju Entertainment,Misc,0.44
Mucky Foot Productions,Action,0.44
Gusto Games,Puzzle,0.44
Silicon Knights,Adventure,0.44
Amuze,Action,0.44
Capcom,Racing,0.44
Now Production,Sports,0.44
Behaviour Interactive,Misc,0.44
Red Fly Studio,Misc,0.44
"Nintendo, Camelot Software Planning",Sports,0.44
Hijinx Studios,Puzzle,0.43
Hudson Soft,Puzzle,0.43
Hijinx Studios,Misc,0.43
Left Field Productions,Misc,0.43
Stainless Games,Misc,0.43
Warthog,Action,0.43
Sunrise Interactive,Simulation,0.43
Kamui,Role-Playing,0.43
Harmonix Music Systems,Sports,0.43
Artech Studios,Simulation,0.43
Tenyo,Puzzle,0.43
Paradigm Entertainment,Platform,0.43
SCEE,Action,0.43
Psygnosis,Simulation,0.42
Radical Entertainment,Puzzle,0.42
THQ,Simulation,0.42
Frontier Developments,Adventure,0.42
Pyro Studios,Action,0.42
Marvelous AQL,Simulation,0.42
Nadeo,Action,0.42
"Nintendo, Intelligent Systems",Role-Playing,0.42
"Rovio Mobile, Rovio Entertainment",Action,0.42
Triumph Studios,Strategy,0.42
Bluehole Studio,Role-Playing,0.42
AI,Puzzle,0.42
Disney Interactive,Platform,0.42
FireFly Studios,Strategy,0.42
Virtuos,Platform,0.42
Marvelous,Simulation,0.42
Virtuos,Sports,0.42
Phoenix Games Studio,Simulation,0.42
Nihilistic,Shooter,0.41
Knowledge Adventure Inc.,Adventure,0.41
Attention To Detail,Sports,0.41
Blitz Games Studios,Simulation,0.41
Land Ho!,Action,0.41
Activision,Adventure,0.41
Human Soft,Misc,0.41
EA Canada,Shooter,0.41
KCEJ,Simulation,0.41
2XL Games,Racing,0.41
LucasArts,Strategy,0.41
Maximum Games,Simulation,0.41
Backbone Entertainment,Platform,0.41
WayForward,Shooter,0.4
Tamsoft,Sports,0.4
Zen Studios,Action,0.4
Mitchell,Puzzle,0.4
Paon Corporation,Platform,0.4
Treasure,Shooter,0.4
1st Playable Productions,Puzzle,0.4
Destineer,Simulation,0.4
Black Ops Entertainment,Sports,0.4
Twisted Pixel Games,Shooter,0.4
Classic Media Distribution Limited,Adventure,0.4
Sonic Team,Puzzle,0.39
Powerhead Games,Sports,0.39
CokeM Interactive,Action,0.39
DC Studios,Platform,0.39
Left Field Productions,Sports,0.39
2K Games,Sports,0.39
Ubisoft Romania,Misc,0.39
Prope,Sports,0.39
"Frogwares, Mistic Software",Adventure,0.39
1st Playable Productions,Sports,0.39
Zoo Games,Misc,0.39
"Monolith Soft, Banpresto",Role-Playing,0.39
Uacari,Misc,0.38
Ambrella,Adventure,0.38
Ion Storm,Action,0.38
Beyond Reality,Racing,0.38
Cyberlore Studios,Strategy,0.38
Blue Fang Games,Strategy,0.38
Red Zone Entertainment,Sports,0.38
Ubisoft Casablanca,Action,0.38
"Blue Byte, Related Designs",Simulation,0.38
Nautilus,Role-Playing,0.38
Open Sesame,Sports,0.37
"Rocksteady Studios, Virtuos",Action,0.37
Spike Chunsoft,Role-Playing,0.37
Playbox Limited,Simulation,0.37
Noise Inc.,Role-Playing,0.37
Coresoft,Sports,0.37
Blueside,Role-Playing,0.37
Vivendi Games,Platform,0.37
Super X Studios,Shooter,0.37
Crafts & Meister,Fighting,0.37
CAProduction,Simulation,0.37
Atomic Planet Entertainment,Puzzle,0.37
Venom Games,Action,0.37
Big Blue Bubble Inc.,Adventure,0.37
Point of View,Misc,0.36
Blue Tongue Entertainment,Simulation,0.36
"RED Entertainment, Spike Chunsoft",Role-Playing,0.36
Zoo Games,Sports,0.36
Zener Works,Role-Playing,0.36
Pax Softonica,Action,0.36
Blue Tongue Entertainment,Fighting,0.36
Pseudo Interactive,Racing,0.36
Destination Software,Action,0.35
Vicious Cycle,Adventure,0.35
Vir2L Studios,Sports,0.35
Mass Media,Shooter,0.35
"Z-Axis, Ltd.",Shooter,0.35
Gratuitous Games,Sports,0.35
Pyro Studios,Strategy,0.35
Kylotonn,Action,0.35
Pocket Studios,Action,0.35
WildTangent,Misc,0.35
Hydravision,Adventure,0.35
NaturalMotion,Sports,0.35
Daedalic Entertainment,Adventure,0.35
ITL,Simulation,0.35
Sega,Simulation,0.35
Crystal Dynamics,Racing,0.34
Rebellion,Action,0.34
"Playlogic, The Game Factory",Action,0.34
Sennari Interactive,Action,0.34
Creat Studios,Action,0.34
Buena Vista Interactive,Racing,0.34
Artech Studios,Misc,0.34
Activision,Puzzle,0.34
Cohort Studios,Shooter,0.34
Impulse Games,Misc,0.34
Human Soft,Platform,0.34
"Ubisoft, Powerhead Games",Simulation,0.34
Core Design Ltd.,Simulation,0.34
Behaviour Interactive,Simulation,0.34
Destineer,Action,0.34
Presto Studios,Adventure,0.34
Software Creations,Sports,0.34
Smart Bomb Interactive,Action,0.33
Avanquest Software,Action,0.33
Mass Media,Action,0.33
Ion Storm,Shooter,0.33
"Tecmo, Ntreev Soft",Sports,0.33
AI,Sports,0.33
Natsume,Misc,0.33
Seta Corporation,Shooter,0.33
Fizz Factor,Action,0.33
"Capcom, Klein Computer Entertainment",Misc,0.33
SCEJ,Misc,0.33
Shift,Misc,0.33
"Rovio Mobile, Rovio Entertainment",Puzzle,0.33
Cave,Shooter,0.33
SunSoft,Adventure,0.33
"Lancarse, Atlus",Role-Playing,0.33
Venom Games,Sports,0.33
"Amaze Entertainment, Griptonite Games",Action,0.33
Career Soft,Role-Playing,0.33
Nobilis,Simulation,0.32
WideScreen Games,Shooter,0.32
Hijinx Studios,Action,0.32
CodeFire,Misc,0.32
"Game Republic, JapanStudio",Role-Playing,0.32
SCE Santa Monica,Racing,0.32
Nixxes Software,Adventure,0.32
Starbreeze,Adventure,0.32
"Buzz Monkey, EA Montreal",Shooter,0.32
"Atlus, Dingo Inc.",Misc,0.32
Lexis Numerique,Sports,0.32
Sanzaru Games,Adventure,0.32
EA Bright Light,Adventure,0.32
RedLynx,Strategy,0.32
Yacht Club Games,Platform,0.32
Webfoot Technologies,Sports,0.32
Pipe Dream Interactive,Action,0.32
Venom Games,Shooter,0.32
Polygon Magic,Fighting,0.32
Adrenium,Action,0.32
Griffin International,Sports,0.32
City Interactive,Action,0.32
Magellan Interactive,Puzzle,0.32
Big Red Button Entertainment,Action,0.31
Handheld Games,Misc,0.31
Rage Software,Racing,0.31
Humagade,Misc,0.31
Magix,Misc,0.31
IR Gurus,Simulation,0.31
Iron Galaxy Studios,Action,0.31
Konami,Strategy,0.31
Overworks,Role-Playing,0.31
Shade,Role-Playing,0.31
Wildfire Studios,Action,0.31
Ronin Entertainment,Fighting,0.31
eGames,Action,0.31
Visual Impact,Sports,0.31
Arika,Puzzle,0.31
Santa Cruz Games,Action,0.31
"Inti, Inti Creates",Platform,0.31
TimeGate Studios,Shooter,0.31
Experience Inc.,Role-Playing,0.31
Denyu-Sha,Puzzle,0.31
System 3,Platform,0.31
"Koei, Omega Force",Fighting,0.3
Graphic State,Racing,0.3
Sinister Games,Racing,0.3
Hudson Soft,Platform,0.3
Teyon,Shooter,0.3
Wizarbox,Simulation,0.3
Games Farm,Simulation,0.3
Deck 13,Role-Playing,0.3
Access Games,Action,0.3
Climax Group,Platform,0.3
Croteam,Shooter,0.3
Bigbig Studios,Platform,0.3
Related Designs,Simulation,0.3
Mahou,Sports,0.3
Outrage Games,Shooter,0.3
Prolific,Racing,0.3
Koolhaus Games,Sports,0.3
Interchannel,Puzzle,0.3
"Banpresto, SoftMax",Role-Playing,0.3
SCE Studio Cambridge,Adventure,0.3
Hyperspace Cowgirls,Platform,0.3
Idol Minds,Adventure,0.3
Simon & Schuster,Sports,0.29
LightBox Interactive,Action,0.29
Omega Force,Shooter,0.29
1st Playable Productions,Simulation,0.29
DoubleTap Games,Puzzle,0.29
"Valuewave Co.,Ltd.",Platform,0.29
Banpresto,Adventure,0.29
Spike,Role-Playing,0.29
Circus Freak,Racing,0.29
Bohemia Interactive,Shooter,0.29
Paon Corporation,Role-Playing,0.29
Cyanide,Sports,0.29
Cranky Pants Games,Action,0.29
Akella,Role-Playing,0.29
Crave,Simulation,0.29
Genuine Games,Fighting,0.29
Flight-Plan,Role-Playing,0.29
Media Vision,Action,0.29
FeelPlus,Action,0.29
City Interactive,Puzzle,0.29
WinkySoft,Adventure,0.29
Her Interactive,Adventure,0.29
Game Brains,Puzzle,0.29
Wargaming.net,Shooter,0.29
Cyberlore Studios,Simulation,0.29
Vicious Cycle,Puzzle,0.29
Cing,Strategy,0.29
Game Titan,Platform,0.29
ImaginEngine,Puzzle,0.29
"Neversoft Entertainment, Underground Development",Misc,0.29
SCEA,Racing,0.29
The Workshop,Action,0.29
Genki,Role-Playing,0.29
Sandlot,Action,0.28
Takara,Sports,0.28
Attention To Detail,Racing,0.28
Wow Entertainment,Sports,0.28
N-Fusion Interactive Entertainment Corp.,Action,0.28
Bandai,Fighting,0.28
Sega Toys,Simulation,0.28
Zindagi Games,Action,0.28
Planet Moon Studios,Shooter,0.28
Ubisoft Quebec,Sports,0.28
Spellbound,Role-Playing,0.28
Sanuk Games,Misc,0.28
Tecmo,Shooter,0.28
Disney Interactive,Action,0.28
Spiders,Role-Playing,0.28
Zoom,Shooter,0.28
"Disney Interactive Studios, Land Ho!",Misc,0.28
Pipe Dream Interactive,Platform,0.28
Bullets,Action,0.28
Stealth Studios,Racing,0.28
Liquid Entertainment,Action,0.28
Sensory Sweep,Platform,0.28
Paradigm Entertainment,Shooter,0.28
Renegade Kid,Shooter,0.28
Irem,Action,0.28
Acclaim Studios Cheltenham,Sports,0.28
"Mac Play, MacPlay",Puzzle,0.28
Arc System Works,Action,0.28
Sacnoth,Role-Playing,0.28
Land Ho!,Misc,0.28
Gogii Games,Adventure,0.28
Just Add Monsters,Fighting,0.28
The Learning Company,Misc,0.27
FeelPlus,Shooter,0.27
Taito Corporation,Role-Playing,0.27
Studio 33,Racing,0.27
Wow Entertainment,Racing,0.27
Majesco Games,Action,0.27
Cerasus Media,Puzzle,0.27
Jaleco Entertainment,Strategy,0.27
Loose Cannon Studios,Action,0.27
Amble,Action,0.27
Hitmaker,Racing,0.27
High Voltage Software,Strategy,0.27
Ornith,Sports,0.27
Swingin' Ape,Shooter,0.27
Powerhead Games,Misc,0.27
Arcade Moon,Simulation,0.27
Zerodiv,Role-Playing,0.27
Hudson Entertainment,Adventure,0.27
Opus,Sports,0.27
Heavy Iron Studios,Adventure,0.27
KCEJ,Role-Playing,0.27
Papaya Studios,Sports,0.27
Zono Inc.,Strategy,0.27
THQ Australia,Action,0.27
Opus,Racing,0.27
Buena Vista Games,Action,0.27
"GameMill Publishing, 1st Playable Productions",Misc,0.27
"Rockstar Toronto, Rockstar Leeds",Action,0.27
Microvision,Role-Playing,0.26
iWin,Simulation,0.26
2K Shanghai,Sports,0.26
SNK Playmore,Misc,0.26
Metro,Misc,0.26
Pivotal Games,Action,0.26
Pacific Century Cyber Works,Misc,0.26
Free Radical Design,Adventure,0.26
Namco Bandai Games,Action,0.26
Dreamcatcher,Action,0.26
Spike,Racing,0.26
Seven45 Studios,Misc,0.26
Activision,Platform,0.26
Oddworld Inhabitants,Adventure,0.26
Prokion,Role-Playing,0.26
Racjin,Simulation,0.26
Two Tribes,Puzzle,0.26
Cinegroupe,Adventure,0.26
Coyote Developments,Shooter,0.26
Surreal Software,Adventure,0.26
Indies Zero,Simulation,0.26
Starfish,Sports,0.26
Hudson Soft,Role-Playing,0.26
Crispy's,Action,0.26
Legacy Interactive,Simulation,0.26
"LDW, Big Fish Games",Simulation,0.26
Warthog,Simulation,0.26
Konami Computer Entertainment Hawaii,Action,0.26
Team 17,Adventure,0.26
Dreamcatcher,Simulation,0.25
Secret Level,Shooter,0.25
2015,Shooter,0.25
Hudson,Adventure,0.25
Runecraft,Action,0.25
AQ Interactive,Simulation,0.25
7 Studios,Adventure,0.25
Kemco,Action,0.25
Amaze,Action,0.25
SCE Studio Cambridge,Misc,0.25
Y's K,Simulation,0.25
Majesco Games,Misc,0.25
Big Ant Studios,Racing,0.25
BottleRocket Entertainment,Action,0.25
Bongfish,Sports,0.25
SimBin,Racing,0.25
Tamsoft,Misc,0.25
Relic,Action,0.25
Ubisoft Shanghai,Misc,0.25
Ubisoft Nagoya,Simulation,0.25
Tornado Studios,Simulation,0.25
Southend Interactive,Shooter,0.25
Rockstar Leeds,Adventure,0.25
Savage Entertainment,Role-Playing,0.25
Mastiff,Shooter,0.25
HotGen,Action,0.25
Sony Interactive Entertainment,Misc,0.25
Activision Value,Misc,0.25
Oxygen Interactive,Sports,0.25
Saffire,Platform,0.25
Empire Interactive,Simulation,0.25
Blue Byte,Sports,0.24
Hasbro Interactive,Shooter,0.24
Metro Graphics,Misc,0.24
Idol Minds,Misc,0.24
Lucky Chicken,Racing,0.24
Trickstar Games,Simulation,0.24
Blue Byte,Action,0.24
"Tamsoft, D3Publisher",Action,0.24
Isopod Labs,Racing,0.24
"Io Interactive, Nixxes Software",Action,0.24
Handheld Games,Adventure,0.24
Art,Misc,0.24
K2 LLC,Role-Playing,0.24
Shin'en,Puzzle,0.24
Graffiti Entertainment,Misc,0.24
Black Lantern Studios,Adventure,0.24
Cattle Call,Misc,0.24
Falcom,Action,0.24
Curious Pictures,Misc,0.24
Acclaim Studios Austin,Platform,0.24
"Matrix Software, Marvelous Entertainment",Role-Playing,0.24
n-Space,Platform,0.24
Data Design Interactive,Racing,0.23
Krome Studios,Misc,0.23
Junction Point,Action,0.23
Black Lantern Studios,Sports,0.23
VU Games,Action,0.23
Bam Entertainment,Racing,0.23
Backbone Entertainment,Action,0.23
iWin,Puzzle,0.23
"Hudson, NATSUME ATARI Inc.",Sports,0.23
Human Soft,Racing,0.23
4J Studios,Strategy,0.23
Alfa System,Shooter,0.23
Criterion Games,Sports,0.23
Oxygen Interactive,Misc,0.23
Red Tribe,Platform,0.23
Sanrio Digital,Adventure,0.23
Jet Black Games,Sports,0.23
Re-Logic,Action,0.23
Q Entertainment,Misc,0.23
Gaijin Games,Misc,0.23
SolWorks,Sports,0.23
Matrix Software,Adventure,0.23
Blueshift,Sports,0.23
Sumo Digital,Adventure,0.23
Blue Tongue,Adventure,0.23
Gratuitous Games,Shooter,0.23
Kojima Productions,Role-Playing,0.23
Racjin,Misc,0.23
Magic Pixel Games,Misc,0.23
Mix Max,Misc,0.22
Pseudo Interactive,Shooter,0.22
Guildford Studio,Shooter,0.22
Full-Fat,Sports,0.22
Ubisoft Montreal,Platform,0.22
Backbone Entertainment,Strategy,0.22
Midway Studios - San Diego,Racing,0.22
3DO,Adventure,0.22
ITL,Role-Playing,0.22
Atomic Planet Entertainment,Adventure,0.22
Taniko,Action,0.22
Deep Silver,Puzzle,0.22
Edge of Reality,Adventure,0.22
Rainbow Studios,Action,0.22
Climax Entertainment,Strategy,0.22
Ubisoft Sao Paulo,Simulation,0.22
Phoenix Entertainment,Action,0.22
AQ Interactive,Misc,0.22
Techland,Racing,0.22
Mobius Entertainment,Misc,0.22
Blade Interactive,Sports,0.22
Electronic Arts,Puzzle,0.22
Bit Town,Simulation,0.22
Jack of All Games,Misc,0.22
Fall Line Studio,Misc,0.22
Phoenix Interactive Entertainment,Adventure,0.22
Hudson Soft,Sports,0.22
Hit Maker,Role-Playing,0.22
Core Design Ltd.,Adventure,0.22
Tecmo Koei Games,Adventure,0.22
Ivory Tower,Racing,0.22
Alphadream Corporation,Sports,0.22
"Aspect, Takara Tomy",Action,0.22
Traveller's Tales,Shooter,0.22
Secret Stash Games,Shooter,0.22
SoftMax,Role-Playing,0.22
Rhino Studios,Adventure,0.22
Virtucraft,Platform,0.22
Kadokawa,Role-Playing,0.22
Kodiak Interactive,Action,0.21
Gunnar Games,Puzzle,0.21
Osiris Studios,Fighting,0.21
Destineer,Shooter,0.21
Bullfrog Productions,Shooter,0.21
Fall Line Studio,Action,0.21
Deep Fried Entertainment,Sports,0.21
ThatGameCompany,Adventure,0.21
"Namco Bandai Games, Monkey Bar Games",Platform,0.21
Lucky Chicken,Shooter,0.21
Alpha Unit,Action,0.21
Hydravision,Action,0.21
Digital Fiction,Fighting,0.21
"Deep Silver, Sproing Interactive Media, Sproing",Adventure,0.21
Gimagin Games,Simulation,0.21
WXP,Adventure,0.21
MASA Group,Strategy,0.21
FrontLine Studios,Puzzle,0.21
CokeM Interactive,Adventure,0.21
Phoenix Interactive Entertainment,Misc,0.21
Griptonite Games,Strategy,0.21
3d6 Games,Platform,0.21
Idea Factory,Role-Playing,0.21
Creative Patterns,Simulation,0.21
Tantalus Interactive,Shooter,0.21
Creat Studios,Sports,0.21
EKO Software,Action,0.21
Sun-Tec,Fighting,0.21
Smilebit,Action,0.21
Ubisoft Annecy,Role-Playing,0.2
Slam Games,Puzzle,0.2
Mad Catz,Misc,0.2
Virtuos,Misc,0.2
"Sega, Tom Create",Role-Playing,0.2
Westwood Studios,Adventure,0.2
Mad Doc Software,Simulation,0.2
Impulse Games,Racing,0.2
Torus Games,Platform,0.2
Torus Games,Simulation,0.2
Bec,Simulation,0.2
Studio Saizensen,Action,0.2
Koei,Racing,0.2
Funcom,Role-Playing,0.2
Digital Mayhem,Shooter,0.2
PlatinumGames,Role-Playing,0.2
Zoo Games,Action,0.2
Top Heavy Studios,Misc,0.2
"MicroProse, n-Space",Misc,0.2
"SCEA, Think and Feel",Fighting,0.2
Gaming Minds Studios,Simulation,0.2
BeeWorks,Adventure,0.2
Razorback Developments,Action,0.2
Global A,Role-Playing,0.2
Terminal Reality,Fighting,0.2
Colossal Order,Simulation,0.2
DSI Games,Misc,0.2
Kung Fu Factory,Fighting,0.2
Aspyr,Simulation,0.2
Merscom LLC,Adventure,0.2
Cosmigo,Misc,0.2
"Sanzaru Games, Sanzaru Games, Inc.",Action,0.2
"Omega Force, Koei Canada",Action,0.2
Jet Black Games,Misc,0.2
Atlus Co.,Sports,0.2
"Funatics Software, Funatics",Strategy,0.2
CCP,Role-Playing,0.2
"Ubisoft, Ludia Inc.",Misc,0.19
HotGen,Simulation,0.19
Nordcurrent,Puzzle,0.19
Other Ocean Interactive,Fighting,0.19
THQ,Racing,0.19
Tantalus Interactive,Adventure,0.19
SME Dynamic Systems Limited,Simulation,0.19
Handheld Games,Action,0.19
Light Weight,Action,0.19
Magic Rings,Role-Playing,0.19
Tripwire Interactive,Shooter,0.19
RFX Interactive,Action,0.19
Phoenix Games Studio,Action,0.19
WorkJam,Adventure,0.19
"Artificial Mind and Movement, EA Redwood Shores",Action,0.19
Konami,Puzzle,0.19
The Behemoth,Shooter,0.19
Paradox Development Studio,Strategy,0.19
Novarama,Action,0.19
Cinemaware,Strategy,0.19
"Pipeworks Software, Inc.",Misc,0.19
"Neverland, Idea Factory",Role-Playing,0.19
Arc System Works,Sports,0.19
The Fun Pimps Entertainment LLC,Action,0.19
Pixel Tales,Sports,0.19
Tecmo Koei Canada,Action,0.19
1st Playable Productions,Misc,0.19
Climax Group,Role-Playing,0.19
Micro Cabin,Simulation,0.19
Namco Bandai Games America,Misc,0.19
GCP1,Misc,0.19
Nordic Games Publishing,Racing,0.19
Asylum Entertainment,Adventure,0.19
Jester Interactive,Misc,0.19
Irem,Shooter,0.19
Ganbarion,Adventure,0.19
Independent Arts,Adventure,0.19
BudCat,Shooter,0.19
Skip Ltd.,Adventure,0.19
Game Sauce,Racing,0.19
O-Games,Puzzle,0.18
Coyote Console,Racing,0.18
Opus,Role-Playing,0.18
SCE Japan Studio,Adventure,0.18
Lost Toys,Action,0.18
Konami,Fighting,0.18
City Interactive,Simulation,0.18
SNK Playmore,Shooter,0.18
"Eighting, Takara Tomy",Action,0.18
Brash Entertainment,Misc,0.18
Performance Designed Products,Puzzle,0.18
TOSE,Fighting,0.18
CokeM Interactive,Puzzle,0.18
Scientifically Proven,Action,0.18
Bitmap Brothers,Sports,0.18
Escape,Racing,0.18
Gunnar Games,Adventure,0.18
Altron,Sports,0.18
Panic Button,Simulation,0.18
Backbone Emeryville,Sports,0.18
Jaleco Entertainment,Action,0.18
Empire Oxford,Misc,0.18
Microids,Adventure,0.18
Jack of All Games,Sports,0.18
"Replay Studios, ML Enterprises",Shooter,0.18
Konami Computer Entertainment Hawaii,Sports,0.18
"Torus Games, Little Orbit",Action,0.18
Grasshopper Manufacture,Role-Playing,0.18
Haemimont,Action,0.18
"Valuewave Co.,Ltd.",Role-Playing,0.18
Game Life,Misc,0.18
KING Art,Adventure,0.18
"Team Ninja, Tecmo",Misc,0.18
KCE Studios,Shooter,0.18
"Gust, Idea Factory",Role-Playing,0.18
OneNine Studios,Adventure,0.18
Kronos Digital Entertainment,Action,0.18
Traveller's Tales,Racing,0.18
Vicious Cycle,Action,0.18
D3Publisher,Sports,0.17
Deep Silver,Racing,0.17
Arika,Platform,0.17
Neko Entertainment,Shooter,0.17
Cauldron Ltd.,Misc,0.17
Stalker Entertainment,Shooter,0.17
DMi Games,Sports,0.17
Konami Computer Entertainment Nagoya,Sports,0.17
Acclaim Studios Manchester,Action,0.17
Human Entertainment,Adventure,0.17
Bigbig Studios,Action,0.17
Prope,Misc,0.17
Climax Studios,Action,0.17
Natsume,Puzzle,0.17
Million,Sports,0.17
EKO Software,Misc,0.17
Darkworks,Action,0.17
Sennari Interactive,Sports,0.17
Joindots,Puzzle,0.17
DC Studios,Sports,0.17
Microsoft Game Studios,Strategy,0.17
Microsoft Game Studios,Misc,0.17
Neko Entertainment,Misc,0.17
BioWare,Shooter,0.17
"Blitz Games, Human Soft",Platform,0.17
Griptonite Games,Shooter,0.17
Konami Computer Entertainment Hawaii,Platform,0.17
"Namco Bandai Games, Cellius",Racing,0.17
Nihilistic,Platform,0.17
CokeM Interactive,Sports,0.17
Axis Entertainment,Racing,0.17
Insomniac Games,Action,0.17
Eiconic Games,Puzzle,0.17
TopWare Interactive,Misc,0.17
Stormregion,Strategy,0.16
Storm City Games,Misc,0.16
"Amaze Entertainment, Walt Disney Japan",Simulation,0.16
Ludia,Misc,0.16
Suzak,Racing,0.16
"Atari, Transmission Games, Atari SA",Simulation,0.16
"Omiya Soft, Jamsworks",Role-Playing,0.16
"Sony Online Entertainment, Mind Control Software",Strategy,0.16
Noise Inc.,Fighting,0.16
10tacle Studios,Sports,0.16
Acclaim,Adventure,0.16
Gameinvest,Action,0.16
ArtePiazza,Simulation,0.16
GSC Game World,Shooter,0.16
Acclaim Studios Cheltenham,Action,0.16
BudCat,Strategy,0.16
Ryu ga Gotoku Studios,Adventure,0.16
"Gearbox Software, WayForward",Action,0.16
Immersion Software & Graphics,Fighting,0.16
Monkey Bar Games,Platform,0.16
Hudson Entertainment,Puzzle,0.16
Lucky Chicken,Platform,0.16
Behaviour Interactive,Shooter,0.16
Blue Omega,Shooter,0.16
"Sega, French-Bread",Fighting,0.16
Acclaim,Platform,0.16
Digital Kids,Sports,0.16
"Prope, Kadokawa",Action,0.16
Telltale Games,Action,0.16
Gaming Minds Studios,Strategy,0.16
Carbine Studios,Role-Playing,0.16
Tenky,Adventure,0.16
Most Wanted Entertainment,Puzzle,0.16
Radical Entertainment,Strategy,0.16
Crave,Action,0.16
Marvelous Inc.,Simulation,0.16
Ubisoft Milan,Action,0.16
"Buddiez, Inc.",Puzzle,0.16
Lucas Learning,Racing,0.16
SNK,Fighting,0.16
SuperVillain Studios,Role-Playing,0.16
Namco Bandai Games America,Fighting,0.16
Darkworks,Adventure,0.16
"Asmik Ace Entertainment, Inc",Simulation,0.16
Panic Button,Fighting,0.16
Wizarbox,Adventure,0.16
KCEK,Racing,0.16
"Red Tribe, Brash Entertainment",Platform,0.15
"THQ, Altron",Action,0.15
MumboJumbo,Adventure,0.15
The Game Factory,Misc,0.15
"Genki, Kojima Productions",Action,0.15
Black Ops Entertainment,Shooter,0.15
Little Orbit,Simulation,0.15
Warner Bros. Interactive Entertainment,Action,0.15
Tomy Corporation,Action,0.15
Microids,Action,0.15
Firebrand Games,Misc,0.15
Nordic Games Publishing,Misc,0.15
"Compile Heart, GCREST",Role-Playing,0.15
Prope,Fighting,0.15
DreamFactory,Fighting,0.15
Paradox Development,Action,0.15
Netherock Ltd.,Shooter,0.15
Racjin,Puzzle,0.15
EM Studios,Racing,0.15
Doki Denki,Platform,0.15
Terminal Reality,Misc,0.15
Climax Entertainment,Role-Playing,0.15
Black Ship Games,Fighting,0.15
Broadsword Interactive,Racing,0.15
Hypnos,Action,0.15
Felistella,Role-Playing,0.15
Zombie,Shooter,0.15
"Game Arts, Seta Corporation",Shooter,0.15
EA Redwood Shores,Adventure,0.15
Crawfish Interactive,Fighting,0.15
Le Cortex,Misc,0.15
Ubisoft Bulgaria,Misc,0.15
Aqua Plus,Role-Playing,0.15
UDS,Misc,0.15
"Armature Studio, comcept",Action,0.15
IR Gurus,Action,0.14
Ivory Tower,Action,0.14
Data Design Interactive,Platform,0.14
Empire Interactive,Puzzle,0.14
Culture Brain,Platform,0.14
Game Arts,Simulation,0.14
Coldwood Interactive,Racing,0.14
5TH Cell,Misc,0.14
Bandai,Sports,0.14
Aspyr,Misc,0.14
Full Fat,Misc,0.14
Nicalis,Platform,0.14
Cavia Inc.,Fighting,0.14
Art,Action,0.14
Ntreev Soft,Sports,0.14
DTP Entertainment,Sports,0.14
Black Hole Games,Strategy,0.14
Starsphere Interactive,Simulation,0.14
Epics,Misc,0.14
Magic Pockets,Strategy,0.14
"Spike Chunsoft, Chime",Adventure,0.14
David A. Palmer Productions,Shooter,0.14
Firehazard Studio,Puzzle,0.14
Dorasu,Simulation,0.14
Atomic Planet Entertainment,Misc,0.14
High Voltage Software,Role-Playing,0.14
Amanita Design,Adventure,0.14
Brownie Brown,Strategy,0.14
Appaloosa Interactive,Adventure,0.14
"Aqua Pacific, In2Games",Sports,0.14
FrontLine Studios,Action,0.14
Ubisoft Bulgaria,Adventure,0.14
Tommo,Puzzle,0.14
DC Studios,Shooter,0.14
UFO Interactive,Puzzle,0.14
Sensory Sweep,Sports,0.14
Next Entertainment,Role-Playing,0.14
Fatshark AB,Action,0.14
Astroll,Misc,0.14
"Spark Unlimited, comcept",Action,0.14
Transmission Games,Simulation,0.14
Razorworks Studios,Puzzle,0.14
Capcom,Puzzle,0.14
Totally Games,Role-Playing,0.14
Zoo Games,Puzzle,0.14
"K2, Kurogane",Role-Playing,0.14
Sick Puppies,Puzzle,0.14
"Beenox, Other Ocean Interactive",Action,0.14
"Sandlot Games, Digital Embryo",Simulation,0.14
Smart Bomb Interactive,Racing,0.14
Funcom,Racing,0.14
Saffire,Fighting,0.14
Various,Misc,0.14
EA LA,Strategy,0.14
Omega Force,Role-Playing,0.14
Ubisoft Sofia,Simulation,0.13
Attention Software,Racing,0.13
Phoenix Games Studio,Platform,0.13
Platinum Egg,Puzzle,0.13
"Big Blue Bubble Inc., Scholastic, Inc.",Puzzle,0.13
Dreamcatcher,Puzzle,0.13
Atari,Strategy,0.13
IR Gurus Interactive Ltd.,Simulation,0.13
Smilebit,Sports,0.13
Take-Two Interactive,Strategy,0.13
"Majesco Games, Majesco",Action,0.13
"Venan Entertainment, Cashmere Prod.",Strategy,0.13
Raylight Studios,Action,0.13
Tantatus,Racing,0.13
Coyote Console,Misc,0.13
"Phosphor Games Studio, LLC",Action,0.13
3DO,Platform,0.13
Deadline Games,Shooter,0.13
Freedom Factory Studios,Action,0.13
"Majesco Games, Majesco",Misc,0.13
Taniko,Misc,0.13
Big Blue Bubble Inc.,Shooter,0.13
Hot Lava Games,Puzzle,0.13
"Ubisoft, Moss",Misc,0.13
"Pam Development, 2K Sports",Action,0.13
"Atari, Atari SA",Action,0.13
Premium Agency,Action,0.13
ACOT,Sports,0.13
2K Play,Misc,0.13
Powerhead Games,Adventure,0.13
From Software,Misc,0.13
"Rocksteady Studios, Iron Galaxy Studios",Action,0.13
MTO,Misc,0.13
Rebellion,Puzzle,0.13
Curly Monsters,Racing,0.13
TOSE,Racing,0.13
Neverland,Action,0.13
Syscom,Simulation,0.13
eV Interactive,Sports,0.13
Virtual Air Guitar Company,Action,0.13
Griptonite Games,Racing,0.13
SCEA,Adventure,0.13
GlyphX Games,Action,0.13
Circus Freak,Action,0.13
Exakt,Fighting,0.13
Kokolo Corporation,Misc,0.13
Nfusion,Shooter,0.13
Backbone Entertainment,Simulation,0.13
Big Huge Games,Strategy,0.13
Ubisoft Quebec,Platform,0.13
"Microids, Dreamcatcher",Action,0.13
SCS Software,Action,0.13
Deep Silver,Simulation,0.13
JV Games Inc.,Shooter,0.13
Moss,Shooter,0.13
Cing,Role-Playing,0.13
Sunflowers Interactive,Simulation,0.13
Oxygen Interactive,Puzzle,0.13
Big Ant Studios,Sports,0.13
Torus Games,Sports,0.13
Amaze Entertainment,Fighting,0.12
Take-Two Interactive,Platform,0.12
Double Helix Games,Strategy,0.12
Ubisoft Montreal,Role-Playing,0.12
Tiertex Design Studios,Action,0.12
4J Studios,Action,0.12
Black Ops Entertainment,Adventure,0.12
Namco,Adventure,0.12
Metro,Puzzle,0.12
Access Games,Simulation,0.12
Sanuk Games,Puzzle,0.12
Visual Impact,Shooter,0.12
Beep Industries,Platform,0.12
Microsoft Game Studios,Shooter,0.12
Takara Tomy,Simulation,0.12
Psikyo,Shooter,0.12
puzzle.tv,Puzzle,0.12
Ubisoft Montreal,Strategy,0.12
Destineer,Puzzle,0.12
"Game Arts, Japan Art Media (JAM)",Role-Playing,0.12
"Mindscape Inc., Mindscape",Misc,0.12
Digital Illusions,Adventure,0.12
Novarama,Fighting,0.12
Rising Star Games,Puzzle,0.12
Double Fine Productions,Platform,0.12
Milestone,Racing,0.12
Q-Games,Strategy,0.12
Visual Sciences,Racing,0.12
Gusto Games,Sports,0.12
Dreamcatcher,Misc,0.12
Zoe Mode,Platform,0.12
Zeroscale,Sports,0.12
Dreamcatcher,Adventure,0.12
UDS,Platform,0.12
"MicroProse, n-Space",Action,0.12
Takara,Racing,0.12
Compile Heart,Strategy,0.12
Next Level Games,Shooter,0.12
Nikitova Games,Fighting,0.12
Super X Studios,Simulation,0.12
"Crystal Dynamics, Nixxes Software",Adventure,0.12
Interplay,Role-Playing,0.12
Data Design Interactive,Sports,0.12
Pendulo Studios,Adventure,0.12
RFX Interactive,Shooter,0.12
369 Interactive,Adventure,0.12
Infogrames,Platform,0.12
Little Orbit,Action,0.12
Magic Pockets,Racing,0.12
Zombie Studios,Shooter,0.12
Million,Action,0.12
BIP Games,Simulation,0.12
Warashi,Puzzle,0.12
Maxis,Role-Playing,0.12
Trine Games,Misc,0.12
I-Imagine,Racing,0.12
Wow Entertainment,Action,0.12
Midway Studios - Newcastle,Racing,0.12
Coyote Console,Simulation,0.12
Longtail Studios,Adventure,0.12
Bits Studios,Shooter,0.12
Success,Role-Playing,0.11
Pentavision Entertainment,Misc,0.11
Bandai,Strategy,0.11
Nordcurrent,Sports,0.11
From Software,Shooter,0.11
Happy Happening,Puzzle,0.11
Kando Games,Simulation,0.11
KCE Studios,Simulation,0.11
Takara Tomy,Action,0.11
Atomic Motion,Shooter,0.11
Agatsuma Entertainment,Simulation,0.11
"Artificial Studios, Immersion Software & Graphics",Shooter,0.11
Zed Two Limited,Puzzle,0.11
Void Productions,Adventure,0.11
Full-Fat,Simulation,0.11
Hoplite Research,Adventure,0.11
High Voltage Software,Fighting,0.11
ArenaNet,Role-Playing,0.11
Legacy Interactive,Adventure,0.11
Frame Studios Interactive,Puzzle,0.11
Vanguard,Simulation,0.11
Sensory Sweep,Strategy,0.11
Supersonic Software,Puzzle,0.11
Rage Software,Shooter,0.11
Zoo Games,Simulation,0.11
Eidos Interactive,Simulation,0.11
"Pipeworks Software, Inc.",Puzzle,0.11
PopCap,Adventure,0.11
XPEC Entertainment Inc.,Adventure,0.11
Blue Tongue Entertainment,Adventure,0.11
Behavior Studios,Action,0.11
Vivarium,Misc,0.11
RFX Interactive,Platform,0.11
"EA Tiburon, n-Space",Shooter,0.11
Digital Eclipse,Role-Playing,0.11
Big Blue Entertainment,Shooter,0.11
Bionic Games,Action,0.11
Ubisoft Milan,Shooter,0.11
Tactical Development,Shooter,0.11
Indies Zero,Sports,0.11
Team Fusion,Action,0.11
Mere Mortals,Sports,0.11
Inevitable Entertainment,Misc,0.11
Cavia Inc.,Shooter,0.11
Eidos Interactive,Action,0.11
Digital Embryo,Puzzle,0.11
"Nippon Ichi Software, Hit Maker",Role-Playing,0.11
Prope,Puzzle,0.11
Egosoft,Simulation,0.11
Guerilla Cambridge,Action,0.11
Wideload Games Inc.,Action,0.11
Petroglyph,Strategy,0.11
Microsoft Game Studios Japan,Action,0.11
"Amaze Entertainment, Vivendi Games",Action,0.11
Coyote Developments,Adventure,0.11
Halfbrick Studios,Platform,0.11
"10tacle Studios, Fusionsphere Systems",Adventure,0.11
Polygon Magic,Sports,0.11
Animation Arts,Adventure,0.11
Frima Studio,Strategy,0.11
Kuju Entertainment,Action,0.11
B-Alive,Simulation,0.11
Big Head Games Ltd.,Misc,0.11
Human Head Studios,Shooter,0.11
Santa Entertainment,Adventure,0.11
Neko Entertainment,Racing,0.11
KnowWonder,Action,0.11
ValuSoft,Racing,0.11
VU Games,Racing,0.11
Argonaut Games,Racing,0.11
B.B.Studio,Action,0.1
CCP,Shooter,0.1
Pronto Games,Action,0.1
Direct Action Games,Shooter,0.1
Ivolgamus,Misc,0.1
Papaya Studios,Fighting,0.1
Taito Corporation,Fighting,0.1
"Metanet Software Inc., SilverBirch Studios",Platform,0.1
Arc System Works,Adventure,0.1
Sega AM2,Sports,0.1
SCEE,Simulation,0.1
AQ Interactive,Platform,0.1
Magellan Interactive,Adventure,0.1
Koei/Inis,Sports,0.1
Page 44 Studios,Action,0.1
ImaginEngine,Action,0.1
"RED Entertainment, Compile Heart",Strategy,0.1
"Monolith Soft, Namco Bandai Games",Role-Playing,0.1
Media Vision,Puzzle,0.1
5000ft,Misc,0.1
Sonic Powered,Simulation,0.1
Wicked Witch Software,Sports,0.1
"THQ, AWE Games",Puzzle,0.1
Hudson Soft,Simulation,0.1
Griptonite Games,Puzzle,0.1
SNK Playmore,Strategy,0.1
"Majesco Games, Majesco",Shooter,0.1
Frima Studio,Action,0.1
Nippon Ichi Software,Platform,0.1
Avalanche Software,Shooter,0.1
"Seamless Entertainment, Inc.",Sports,0.1
Digital Extremes,Action,0.1
Epicenter Studios,Shooter,0.1
Clockwork Games,Racing,0.1
SNK,Shooter,0.1
Bandai Namco Games,Racing,0.1
Arts Software,Action,0.1
InXile Entertainment,Puzzle,0.1
Conspiracy Entertainment,Action,0.1
Santa Cruz Games,Adventure,0.1
Backbone Entertainment,Sports,0.1
Tecmo,Role-Playing,0.1
"Eutechnyx, Deep Silver",Racing,0.1
Kemco,Misc,0.1
Bam Entertainment,Shooter,0.1
DTP Entertainment,Adventure,0.1
Cave,Misc,0.1
LucasArts,Adventure,0.1
Visual Impact,Platform,0.1
Moss,Puzzle,0.1
Knowledge Adventure Inc.,Misc,0.1
Sega,Puzzle,0.1
Virtuos,Shooter,0.1
Whitebear,Puzzle,0.1
Playrix Entertainment,Puzzle,0.1
"Deep Silver, Keen Games",Role-Playing,0.1
"Joindots, Mastertronic",Puzzle,0.1
Jack of All Games,Racing,0.1
Petroglyph,Action,0.1
8Monkey Labs,Shooter,0.1
"Activision, Traveller's Tales",Misc,0.09
"Jack of All Games, eV Interactive",Sports,0.09
Silicon Dreams,Action,0.09
Xpec,Role-Playing,0.09
Idea Factory,Adventure,0.09
"Majesco Games, Majesco",Simulation,0.09
Midway,Platform,0.09
"Ambrella, The Pokemon Company",Action,0.09
Art,Role-Playing,0.09
Infinite Machine,Action,0.09
The Game Factory,Action,0.09
Dusenberry Martin Racing,Racing,0.09
Aqua Pacific,Sports,0.09
Purple Hills,Puzzle,0.09
"Milestone, Milestone S.r.l",Racing,0.09
G1M2,Misc,0.09
"GameMill Publishing, 1st Playable Productions",Adventure,0.09
CI Games,Shooter,0.09
SCE Studio Cambridge,Action,0.09
Aki Corp.,Action,0.09
Frame Studios Interactive,Platform,0.09
Krome Studios,Sports,0.09
BudCat,Platform,0.09
Natsume,Role-Playing,0.09
Nippon Ichi Software,Adventure,0.09
"Entersphere, Inc.",Action,0.09
DC Studios,Puzzle,0.09
S-Neo,Sports,0.09
Realmforge Studios,Strategy,0.09
Hitmaker,Action,0.09
Hudson Entertainment,Sports,0.09
"EA Canada, Exient Entertainment",Sports,0.09
Gravity-I,Puzzle,0.09
Quicksilver Software,Strategy,0.09
505 Games,Action,0.09
SunSoft,Puzzle,0.09
Sensory Sweep,Role-Playing,0.09
Sonic Team,Action,0.09
Genki,Strategy,0.09
5TH Cell,Strategy,0.09
EA Tiburon,Puzzle,0.09
Digital Embryo,Sports,0.09
Zed Two Limited,Strategy,0.09
Takara Tomy,Strategy,0.09
odenis studio,Strategy,0.09
505 Games,Sports,0.09
Zushi Games Ltd,Misc,0.09
EKO Software,Sports,0.09
1C: Maddox Games,Simulation,0.09
ProSoft,Shooter,0.09
"Crave, DTP Entertainment",Misc,0.09
"Atari, Atari SA",Misc,0.09
Sarbakan Inc.,Strategy,0.09
"Activision, Activision Blizzard",Simulation,0.09
iRock Interactive,Shooter,0.09
3d6 Games,Action,0.09
"Mastertronic, V5 Play Studio",Puzzle,0.09
Secret Level,Misc,0.09
"SCE/WWS, SCE Japan Studio",Puzzle,0.09
Starfish,Puzzle,0.09
Indi,Strategy,0.09
Big Blue Bubble Inc.,Role-Playing,0.09
RED Entertainment,Action,0.09
Avanquest Software,Adventure,0.09
Altron,Platform,0.09
BattleBorne,Shooter,0.09
Tabot,Sports,0.09
Rockstar Leeds,Misc,0.09
SouthPeak Games,Simulation,0.09
Konami Computer Entertainment Hawaii,Fighting,0.09
Housemarque,Sports,0.09
Metro3D,Role-Playing,0.09
Mobius Entertainment,Action,0.09
"TimeGate Studios, Day 1 Studios",Shooter,0.09
Neko Entertainment,Fighting,0.09
Razorworks,Puzzle,0.09
Renegade Kid,Racing,0.08
Crave,Fighting,0.08
Maximum Family Games,Puzzle,0.08
Codemasters,Action,0.08
Silicon Dreams,Sports,0.08
Kheops Studio,Puzzle,0.08
Data Design Interactive,Action,0.08
Stormfront Studios,Role-Playing,0.08
Razorback Developments,Misc,0.08
Foundation 9 Entertainment,Platform,0.08
Mid Carolina Media,Sports,0.08
Wicked Studios,Role-Playing,0.08
Polygon Magic,Action,0.08
Massive Entertainment,Strategy,0.08
Amusement Vision,Role-Playing,0.08
MileStone Inc.,Shooter,0.08
Telenet,Sports,0.08
Graphic State,Shooter,0.08
Engine Software,Puzzle,0.08
Extra Mile Studios,Racing,0.08
Marvelous,Fighting,0.08
Klein Computer Entertainment,Action,0.08
"EA Canada, Sensory Sweep",Fighting,0.08
2K Games,Racing,0.08
Tectonic Studios,Action,0.08
Icon Games,Racing,0.08
Gulti,Shooter,0.08
Core Design Ltd.,Puzzle,0.08
Osaka Studio,Simulation,0.08
Ubisoft Barcelona,Misc,0.08
Capcom,Strategy,0.08
Gameloft,Simulation,0.08
Takara Tomy,Racing,0.08
The Game Factory,Adventure,0.08
Digital Leisure Inc.,Shooter,0.08
Cunning Developments,Shooter,0.08
SilverBirch Studios,Simulation,0.08
NATSUME ATARI Inc.,Puzzle,0.08
Wide Games,Adventure,0.08
Zig Zag,Simulation,0.08
UGA,Misc,0.08
Foreign Media,Puzzle,0.08
Amedio,Role-Playing,0.08
Magenta Software,Platform,0.08
K2 LLC,Fighting,0.08
Destineer,Adventure,0.08
PopTop Software,Strategy,0.08
Mobile 21,Shooter,0.08
Valcon Games,Racing,0.08
OneNine Studios,Action,0.08
Metropolis Software,Shooter,0.08
N-Fusion Interactive Entertainment Corp.,Adventure,0.08
Storm City Games,Action,0.08
Noise Factory,Shooter,0.08
Kunos Simulazioni,Racing,0.08
Hudson Soft,Adventure,0.08
Rebellion,Sports,0.08
Cosmigo,Strategy,0.08
Revistronic,Action,0.08
Koei,Fighting,0.08
Razorback Developments,Puzzle,0.08
"THQ, Independent Arts",Simulation,0.08
Pyro Studios,Shooter,0.08
Genki,Simulation,0.08
Digital Fiction,Sports,0.08
DTP Entertainment,Action,0.08
Velez & Dubail,Action,0.08
Zoe Mode,Puzzle,0.08
Rocksteady Studios,Shooter,0.08
ECI,Misc,0.08
Jaleco Entertainment,Puzzle,0.08
Mekensleep,Puzzle,0.08
Andamiro U.S.A. Corp.,Misc,0.08
Velez & Dubail,Racing,0.08
Kuju Entertainment,Racing,0.08
Rockstar San Diego,Misc,0.08
Toka,Shooter,0.08
Anchor Bay Entertainment,Sports,0.08
Pinegrow,Strategy,0.08
SCEJ,Adventure,0.07
ZeptoLab,Puzzle,0.07
Coyote Console,Shooter,0.07
Rainbow Studios,Shooter,0.07
Goshow,Role-Playing,0.07
Jupiter Multimedia,Misc,0.07
Supersonic Software,Racing,0.07
Plato,Misc,0.07
Koei Canada,Action,0.07
7 Studios,Puzzle,0.07
Global Star Software,Puzzle,0.07
Leviathan Games,Shooter,0.07
Crave,Platform,0.07
Interactive Brains,Action,0.07
KCEA,Action,0.07
Sabertooth Games,Action,0.07
Avalanche Software,Sports,0.07
Humongous Entertainment,Adventure,0.07
exozet,Action,0.07
Starfish,Shooter,0.07
Mad Catz,Simulation,0.07
Idol FX,Shooter,0.07
Kouyousha,Simulation,0.07
Sega AM2,Simulation,0.07
SpiderMonk,Puzzle,0.07
ValuSoft,Simulation,0.07
Skonec,Action,0.07
Universomo,Misc,0.07
Roxor Games,Misc,0.07
"Targem Games, TopWare Interactive",Misc,0.07
Success,Adventure,0.07
"Ubisoft, FunHouse",Adventure,0.07
StudioBlack Games,Misc,0.07
PuzzleKings,Puzzle,0.07
Box Clever Interactive,Strategy,0.07
Webfoot Technologies,Racing,0.07
Coresoft,Simulation,0.07
Vogster,Strategy,0.07
Awesome Play Ltd.,Racing,0.07
Success,Action,0.07
Doublesix,Simulation,0.07
Epics,Role-Playing,0.07
Mad Doc Software,Strategy,0.07
"Art Co., Ltd.",Shooter,0.07
Kodiak Interactive,Racing,0.07
Deep Silver,Role-Playing,0.07
Epicenter Interactive,Misc,0.07
Gusto Games,Adventure,0.07
Ironclad Games,Strategy,0.07
Monte Cristo Multimedia,Strategy,0.07
G-Artists,Adventure,0.07
Powerhead Games,Fighting,0.07
"Vicious Cycle, Little Orbit",Action,0.07
Polygon Magic,Adventure,0.07
Genki,Fighting,0.07
Gameloft,Action,0.07
Enterbrain,Fighting,0.07
Climax Group,Puzzle,0.07
Black Lantern Studios,Strategy,0.07
Irem,Strategy,0.07
Best Way,Strategy,0.07
Other Ocean Interactive,Adventure,0.07
Monolith Soft,Action,0.07
Big Ant Studios,Action,0.07
Attractive Games,Simulation,0.07
S-Neo,Strategy,0.07
Neko Entertainment,Action,0.07
Runic Games,Role-Playing,0.07
Neopica,Action,0.07
Taito Corporation,Action,0.07
Full Fat,Sports,0.07
Yoostar Entertainment Group,Misc,0.07
Synetic,Racing,0.07
DreamRift,Platform,0.06
Platinum Egg,Role-Playing,0.06
"Dimps Corporation, Dream Execution",Simulation,0.06
Bec,Shooter,0.06
Amble,Role-Playing,0.06
David A. Palmer Productions,Racing,0.06
Arkedo Studio,Shooter,0.06
Monte Cristo Multimedia,Simulation,0.06
CokeM Interactive,Racing,0.06
G-Artists,Role-Playing,0.06
Bullets,Puzzle,0.06
Paon Corporation,Action,0.06
Kuju Entertainment,Simulation,0.06
"Majesco Games, Majesco",Platform,0.06
"Activision, Behaviour Interactive",Action,0.06
Design Factory,Adventure,0.06
SCEI,Misc,0.06
VSTEP,Simulation,0.06
Tommo,Shooter,0.06
WinkySoft,Role-Playing,0.06
Conspiracy Entertainment,Adventure,0.06
Mystic Software,Role-Playing,0.06
Destination Software,Puzzle,0.06
"Orbital Media, Inc.",Action,0.06
Radius9,Puzzle,0.06
Marvelous Inc.,Role-Playing,0.06
Artefacts Studio,Adventure,0.06
Zoonami Ltd.,Puzzle,0.06
Runecraft,Puzzle,0.06
People Can Fly,Shooter,0.06
THQ,Strategy,0.06
From Software,Adventure,0.06
Psyonix,Shooter,0.06
Ubisoft Quebec,Shooter,0.06
Firehazard Studio,Action,0.06
Snapdragon,Simulation,0.06
Ubisoft Paris,Racing,0.06
Spike,Action,0.06
Midas Interactive Entertainment,Sports,0.06
M2,Shooter,0.06
Cave Barn,Action,0.06
Creat Studios,Shooter,0.06
Funcom,Adventure,0.06
Ninja Studio,Role-Playing,0.06
Farmind Ltd,Misc,0.06
2K Sports,Misc,0.06
Brainbox Games,Shooter,0.06
Irem,Fighting,0.06
Hitmaker,Strategy,0.06
MBA International,Simulation,0.06
City Interactive,Misc,0.06
EA Japan Studio,Simulation,0.06
"Humongous Entertainment, Mistic Software",Adventure,0.06
Opera House,Shooter,0.06
Compile Heart,Puzzle,0.06
Headfirst Productions,Adventure,0.06
CiRCLE,Shooter,0.06
Sonic Powered,Role-Playing,0.06
Runtime,Role-Playing,0.06
"IronNos Co.,Ltd.",Role-Playing,0.06
Starfish SD,Action,0.06
Valhalla Game Studios,Action,0.06
Tecmo,Platform,0.06
"Rebellion, Neversoft Entertainment",Action,0.06
DiP Interactive,Simulation,0.06
Tecmo,Misc,0.06
Gust,Action,0.06
Artdink,Simulation,0.06
Big John Games,Simulation,0.06
"505 Games, Sarbakan Inc.",Platform,0.06
Kadokawa,Adventure,0.06
"Treyarch, Infinity Ward",Shooter,0.06
Silver Wish Games,Simulation,0.06
Anino Entertainment,Puzzle,0.06
Big Fish Games,Puzzle,0.06
SingleTrac,Action,0.06
Nitro+,Adventure,0.06
"Orbital Media, Inc.",Racing,0.06
Powerhead Games,Action,0.06
Activision Value,Strategy,0.06
Twelve Games,Platform,0.06
Simon & Schuster,Shooter,0.06
Aquria,Role-Playing,0.06
Gammick Entertainment,Strategy,0.06
Mikoishi,Puzzle,0.06
"Left Field Productions, Zoo Games",Racing,0.06
Iron Lore Entertainment,Role-Playing,0.06
BudCat,Simulation,0.06
Sensory Sweep,Adventure,0.06
Nitro Games,Strategy,0.05
Rising Star Games,Misc,0.05
WayForward,Role-Playing,0.05
Cyanide,Racing,0.05
Icon Games,Strategy,0.05
Data Design Interactive,Puzzle,0.05
Iron Galaxy Studios,Adventure,0.05
"Eidos Interactive, Tantalus Interactive",Simulation,0.05
Digital Anvil,Simulation,0.05
Studio Archcraft,Role-Playing,0.05
Cave,Sports,0.05
Arkane Studios,Role-Playing,0.05
Full-Fat,Fighting,0.05
"Scholastic, Inc.",Misc,0.05
Cranberry Production,Adventure,0.05
Suzak,Role-Playing,0.05
Halfbrick Studios,Action,0.05
Lost Toys,Shooter,0.05
Cranky Pants Games,Role-Playing,0.05
Codo Games,Strategy,0.05
Koei/Inis,Misc,0.05
Now Production,Adventure,0.05
Neon Studios,Action,0.05
Bullfrog Productions,Action,0.05
Atomic Planet Entertainment,Sports,0.05
Carapace,Sports,0.05
Gameloft,Platform,0.05
Renegade Kid,Adventure,0.05
Amusement Vision,Sports,0.05
Impressions Games,Strategy,0.05
Avanquest Software,Puzzle,0.05
SouthPeak Games,Sports,0.05
SkyRiver Studios,Adventure,0.05
Engine Software,Misc,0.05
Crawfish Interactive,Shooter,0.05
Lexis Numerique,Action,0.05
Game Freak,Platform,0.05
Ignition Entertainment,Misc,0.05
Vanilla Ware,Strategy,0.05
Hyper-Devbox,Shooter,0.05
Fluid Studios,Strategy,0.05
Slitherine,Strategy,0.05
Arc System Works,Misc,0.05
"Buka Entertainment, Targem Games",Shooter,0.05
Cowboy Rodeo,Simulation,0.05
Blast! Entertainment Ltd,Adventure,0.05
Noise Factory,Action,0.05
LDW,Simulation,0.05
Tigon,Action,0.05
Team 17,Racing,0.05
Rising Star Games,Platform,0.05
Iridon Interactive AB,Puzzle,0.05
Avit-Niigata,Sports,0.05
XS Games,Misc,0.05
Game Sauce,Puzzle,0.05
Sega AM2,Racing,0.05
Navarre Corp,Adventure,0.05
Smart Bomb Interactive,Adventure,0.05
Icon Games,Sports,0.05
Broadsword Interactive,Misc,0.05
Mass Media,Racing,0.05
Just For Fun,Sports,0.05
Black Sea Studios,Strategy,0.05
Red Wagon Games,Sports,0.05
Monkey Bar Games,Sports,0.05
Imagineer,Role-Playing,0.05
Bright Future GmbH,Sports,0.05
Neverland,Misc,0.05
"Next Level Games, Nintendo",Action,0.05
Destineer,Racing,0.05
Otomate,Action,0.05
Konami Software Shanghai,Role-Playing,0.05
"1C, Ino-Co, 1C Company",Simulation,0.05
Max Five,Role-Playing,0.05
Empire Oxford,Action,0.05
Shift,Puzzle,0.05
Raylight Studios,Simulation,0.05
"THQ, 1C, 1C Company",Strategy,0.05
KUNST-STOFF,Racing,0.05
Natsume,Platform,0.05
EKO Software,Platform,0.05
UGA,Shooter,0.05
Fresh 3D,Sports,0.05
"Taito Corporation, 505 Games",Misc,0.05
Braingame,Simulation,0.05
O-Games,Misc,0.05
Ubisoft Porto Alegre,Simulation,0.05
SmartDog,Racing,0.05
Artech Studios,Shooter,0.05
One Man Band,Misc,0.05
Liquid Dragon Studios,Sports,0.05
Flying Tiger Development,Shooter,0.05
Stainless Steel Studios,Strategy,0.05
Hothouse Creations,Action,0.05
EnjoyUp Games,Shooter,0.04
Killaware,Adventure,0.04
Kojima Productions,Misc,0.04
"Namco Bandai Games America, Namco Bandai Games",Sports,0.04
"Alchemist, Inti Creates",Action,0.04
InLight Entertainment,Adventure,0.04
Dovetail Games,Simulation,0.04
Hoget,Puzzle,0.04
Gameloft,Shooter,0.04
SystemSoft,Strategy,0.04
Snap Dragon Games,Platform,0.04
InterActive Vision Games,Simulation,0.04
Kemco,Puzzle,0.04
Kalypso,Strategy,0.04
7Raven Studios,Puzzle,0.04
"Frozenbyte, Inc.",Platform,0.04
Iridon Interactive AB,Misc,0.04
"Fusionsphere Systems, Animation Arts",Adventure,0.04
Marvelous Entertainment,Puzzle,0.04
Koei Tecmo Games,Strategy,0.04
1C:Ino-Co,Strategy,0.04
Team 17,Action,0.04
Mistic Software,Platform,0.04
System 3,Racing,0.04
Full-Fat,Platform,0.04
M4 Limited,Platform,0.04
"Alawar Entertainment, Inc, Alawar Entertainment",Strategy,0.04
Atlus Co.,Action,0.04
Vingt-et-un Systems,Strategy,0.04
Irem,Role-Playing,0.04
System Prisma,Role-Playing,0.04
Panic Button,Shooter,0.04
Empire Interactive,Racing,0.04
"Examu, Marvelous Inc.",Fighting,0.04
Blue 52,Action,0.04
Novarama,Misc,0.04
"Reloaded Productions, Reloaded Games Inc.",Role-Playing,0.04
NoWay Studio,Shooter,0.04
FrontLine Studios,Misc,0.04
"Atari, Slightly Mad Studios, Atari SA",Racing,0.04
Amaze Entertainment,Misc,0.04
Bits Studios,Misc,0.04
DC Studios,Strategy,0.04
Ivolgamus,Puzzle,0.04
Mentor Interactive,Misc,0.04
Virtucraft,Sports,0.04
Shin'en,Action,0.04
Opus,Action,0.04
Easy Interactive,Misc,0.04
Idea Factory,Strategy,0.04
Rising Star Games,Action,0.04
Ubisoft Osaka,Action,0.04
Autumn Moon,Adventure,0.04
Bandai Namco Games,Misc,0.04
Naps Team,Shooter,0.04
Urban Games,Simulation,0.04
Cyanide,Role-Playing,0.04
Deep Silver,Strategy,0.04
3G Studios,Shooter,0.04
"Neon Studios, Kaiko",Action,0.04
Nival Interactive,Strategy,0.04
PQube,Sports,0.04
Collision Studios,Misc,0.04
Tate Interactive,Platform,0.04
Paprikari,Puzzle,0.04
K2 LLC,Adventure,0.04
G.Rev,Fighting,0.04
"Introversion, Double Eleven",Action,0.04
F84 Games,Action,0.04
Gaia (Sony),Role-Playing,0.04
Sabarasa Entertainment,Role-Playing,0.04
Vanpool,Misc,0.04
Creations,Action,0.04
Lionhead Studios,Simulation,0.04
System 3,Sports,0.04
Gameloft,Sports,0.04
Delta Factory,Fighting,0.04
Nightlight Studios,Shooter,0.04
Microids,Sports,0.04
Tilted Mill,Strategy,0.04
Fusionsphere Systems,Adventure,0.04
Avalon Style,Racing,0.04
"Capcom, QLOC",Shooter,0.04
Gravity-I,Misc,0.04
Treasure,Role-Playing,0.04
2D Boy,Puzzle,0.04
Griptonite Games,Sports,0.04
"Volition Inc., CD Projekt Red Studio, CD Projekt, CD Projekt Localisation Centre",Action,0.04
Ascaron Entertainment GmbH,Strategy,0.04
Digital Eclipse,Shooter,0.04
KCEA,Sports,0.04
Gaslamp Games,Strategy,0.04
Hellbent Games,Action,0.04
Arkane Studios,Shooter,0.03
Magic Pockets,Platform,0.03
Bohemia Interactive,Simulation,0.03
Celeris,Sports,0.03
BudCat,Action,0.03
Team6 Game Studios,Action,0.03
Big Time Software,Strategy,0.03
Storm City Games,Adventure,0.03
Zuxxez,Adventure,0.03
Spike,Sports,0.03
Ravenscourt,Puzzle,0.03
ChunSoft,Adventure,0.03
"Number None Inc., Knockout Games",Platform,0.03
Headup Games,Adventure,0.03
3G Studios,Misc,0.03
Super Empire,Platform,0.03
Tragnarion Studios,Puzzle,0.03
Naps Team,Action,0.03
Most Wanted Entertainment,Simulation,0.03
Mobius Entertainment,Shooter,0.03
Headlock,Adventure,0.03
"Edmund McMillen, Florian Himsl",Action,0.03
Farsight Studios,Action,0.03
Tiwak,Platform,0.03
Stainless Games,Action,0.03
LSP,Action,0.03
Opus,Puzzle,0.03
Irem,Puzzle,0.03
Ascaron Entertainment GmbH,Simulation,0.03
Raylight Studios,Racing,0.03
EC Interactive Games,Misc,0.03
"1C, 1C Company",Simulation,0.03
Broadsword Interactive,Action,0.03
Confounding Factor,Action,0.03
DSI Games,Puzzle,0.03
GSC Game World,Strategy,0.03
4J Studios,Racing,0.03
Studio Saizensen,Platform,0.03
Magicpot,Puzzle,0.03
"Machineworks Northwest, WXP",Shooter,0.03
Natsume,Shooter,0.03
NEC Interchannel,Strategy,0.03
Cyber Planet,Simulation,0.03
SkyRiver Studios,Action,0.03
Planet Interactive,Action,0.03
BattleGoat Studios,Strategy,0.03
"CyberPlanet Interactive Public Co., Ltd., Maximum Family Games",Puzzle,0.03
Croteam,Puzzle,0.03
"Big Blue Bubble Inc., Breakthrough New Media",Puzzle,0.03
Visual Impact,Misc,0.03
"Viva Media, Viva Media, LLC",Simulation,0.03
Iron Galaxy Studios,Fighting,0.03
"Engine Software, Re-Logic",Action,0.03
"Volition Inc., Reactor Zero",Shooter,0.03
LSP,Platform,0.03
Eagle Dynamics,Simulation,0.03
Mobius Entertainment,Racing,0.03
DreamFactory,Role-Playing,0.03
"PM Studios Inc., Pentavision Entertainment",Misc,0.03
Nordic Games Publishing,Action,0.03
Targem Games,Misc,0.03
Sandlot Games,Puzzle,0.03
Playrix Entertainment,Action,0.03
Arrowhead Game Studios,Role-Playing,0.03
"Eidos Montreal, Nixxes Software",Role-Playing,0.03
Babylon Software,Racing,0.03
Full Fat,Racing,0.03
Magic Pockets,Role-Playing,0.03
Nobilis,Adventure,0.03
Gas Powered Games,Role-Playing,0.03
Magnin & Associates,Misc,0.03
Glyphic Entertainment,Platform,0.03
Oxygen Interactive,Action,0.03
Capcom,Sports,0.03
Atomic Planet Entertainment,Strategy,0.03
DreamCatcher Interactive,Role-Playing,0.03
Deep Silver,Adventure,0.03
"Viva Media, Viva Media, LLC",Puzzle,0.03
Tomy Corporation,Misc,0.03
"Frontier Developments, Various",Strategy,0.03
Cranky Pants Games,Shooter,0.03
Yuke's,Racing,0.03
ZigZagIsland,Sports,0.03
Mastertronic,Adventure,0.03
Crea-Tech,Role-Playing,0.03
zSlide,Puzzle,0.03
"Taito Corporation, 505 Games",Action,0.03
Will,Misc,0.03
Voxler,Action,0.03
Coresoft,Puzzle,0.03
Paradox Interactive,Adventure,0.03
Panther Software,Role-Playing,0.03
FrontLine Studios,Sports,0.03
Titus Software,Platform,0.03
"Gameinvest, Seed Studios, Lda",Simulation,0.03
Zen Studios,Simulation,0.03
Two Tribes,Platform,0.03
Oberon Media,Adventure,0.03
Ice-Pick Lodge,Adventure,0.03
Virtual Toys,Action,0.03
Raylight Studios,Shooter,0.03
Artificial Mind and Movement,Role-Playing,0.03
MumboJumbo,Racing,0.03
Nitro Games,Misc,0.03
Opus Studio,Role-Playing,0.03
Longtail Studios,Simulation,0.03
Prograph,Sports,0.03
Cyanide,Strategy,0.03
PopCap,Misc,0.03
Enlight Software,Strategy,0.03
Still Alive Studios,Simulation,0.03
Sonnori,Role-Playing,0.03
Storm City Games,Racing,0.03
Now Production,Shooter,0.03
Asobo Studio,Shooter,0.03
ValuSoft,Shooter,0.02
"Mediascape, CUBETYPE",Shooter,0.02
Clockwork Games,Platform,0.02
SEK Ost,Strategy,0.02
UFO Interactive,Sports,0.02
Playstos Entertainment,Platform,0.02
Climax Entertainment,Platform,0.02
Rainbow S.p.A.,Adventure,0.02
Zoo Digital Publishing,Puzzle,0.02
"Capcom, QLOC",Fighting,0.02
JoWooD Entertainment AG,Strategy,0.02
ChaYoWo Games,Puzzle,0.02
Destination Software,Sports,0.02
Titus Software,Shooter,0.02
Mindware Studios,Shooter,0.02
Funbox Media,Shooter,0.02
ApolloSoft,Role-Playing,0.02
505 Games,Puzzle,0.02
Shin'en,Platform,0.02
Various,Shooter,0.02
WideScreen Games,Adventure,0.02
Trendy Entertainment,Role-Playing,0.02
King of the Jungle,Racing,0.02
Strawdog Studios,Puzzle,0.02
Tranji,Action,0.02
Artdink,Strategy,0.02
Ancient,Role-Playing,0.02
"Edge Entertainment, Anima Project",Action,0.02
Boomzap,Action,0.02
"The Digital Lounge, Dino Dini",Sports,0.02
Criterion Games,Fighting,0.02
PAWS,Action,0.02
Success,Strategy,0.02
Spellbound,Racing,0.02
"Telegames, Inc.",Puzzle,0.02
Jaleco Entertainment,Racing,0.02
NATSUME ATARI Inc.,Adventure,0.02
Bandai,Shooter,0.02
Turbine Inc.,Role-Playing,0.02
1st Playable Productions,Action,0.02
MileStone Inc.,Strategy,0.02
Arkedo Studio,Puzzle,0.02
Arika,Misc,0.02
Touchdown Entertainment,Shooter,0.02
SkyRiver Studios,Simulation,0.02
Other Ocean Interactive,Sports,0.02
Magenta Software,Action,0.02
"UFO Interactive, CyberPlanet Interactive Public Co., Ltd.",Shooter,0.02
Gameness Art Software,Fighting,0.02
Master Creating,Role-Playing,0.02
Flagship Studios,Role-Playing,0.02
Ascaron Entertainment GmbH,Role-Playing,0.02
Enigma Software Productions,Strategy,0.02
Dracue,Shooter,0.02
Deep Red,Strategy,0.02
Ino-Co,Strategy,0.02
Gorilla Systems,Misc,0.02
Marvelous Entertainment,Platform,0.02
Cryptic Studios,Role-Playing,0.02
Tose Software,Shooter,0.02
Artefacts Studio,Racing,0.02
GameCo,Adventure,0.02
Engine Software,Sports,0.02
Various,Role-Playing,0.02
EA Mythic,Role-Playing,0.02
AI,Platform,0.02
White Birds Productions,Adventure,0.02
Saffire,Shooter,0.02
Namco Bandai Games America,Shooter,0.02
Logris Games,Action,0.02
Phenomedia,Shooter,0.02
Boxed Dream,Action,0.02
"Headup Games, Crenetic Studios",Strategy,0.02
Agetec,Puzzle,0.02
FAKT Software,Puzzle,0.02
Flying Lab Software,Role-Playing,0.02
Alternative Software,Action,0.02
Warthog,Puzzle,0.02
InterServ International,Fighting,0.02
Tornado Studios,Racing,0.02
Paradox Interactive,Strategy,0.02
Farsight Technologies,Sports,0.02
Coresoft,Action,0.02
"CyberPlanet Interactive Public Co., Ltd.",Misc,0.02
"Climax Group, Climax Studios",Simulation,0.02
Jack of All Games,Platform,0.02
Playstos Entertainment,Racing,0.02
Racjin,Sports,0.02
Infogrames,Strategy,0.02
Wargaming.net,Strategy,0.02
Blast! Entertainment Ltd,Sports,0.02
"Unigine Corp, Russia",Strategy,0.02
Virtual Play Inc.,Sports,0.02
"Vicious Cycle, Infinite Interactive",Puzzle,0.02
Lead Pursuit,Simulation,0.02
Melesta,Strategy,0.02
Glyphic Entertainment,Simulation,0.02
Konami Computer Entertainment Hawaii,Shooter,0.02
UFO Interactive,Action,0.02
Kat Games,Adventure,0.02
Easy Interactive,Puzzle,0.02
Titus Software,Strategy,0.02
Tilted Mill,Simulation,0.02
Metia Interactive,Puzzle,0.02
Paradox Interactive,Simulation,0.02
Kemco,Racing,0.02
Akella,Strategy,0.02
oeFun,Puzzle,0.02
Minds-Eye Productions,Strategy,0.02
The Tangentlemen,Adventure,0.02
Small Rockets,Sports,0.02
Hokus Pokus,Sports,0.02
Easy Interactive,Adventure,0.02
Jack of All Games,Shooter,0.02
"Atari, Atari SA",Platform,0.02
Spellbound,Simulation,0.02
Storm City Games,Strategy,0.02
"Punchline, Shirogumi",Action,0.02
Alpha Unit,Role-Playing,0.02
Mana Comp. Soft.,Shooter,0.02
Red 5 Software,Role-Playing,0.02
Squashy Software,Shooter,0.02
"Atomic Planet Entertainment, Mud Duck Productions",Sports,0.02
"United Coders, Wizardry Engineering",Platform,0.02
Strangelite,Shooter,0.02
System 3,Puzzle,0.02
Torus Games,Shooter,0.02
Beluga Computer,Simulation,0.02
Nvizzio Creations,Simulation,0.02
Multimedia Intelligence Transfer,Role-Playing,0.02
Epic Games,Action,0.02
Nikitova Games,Adventure,0.02
Pterodon,Shooter,0.02
Team 17,Shooter,0.02
"Sanuk Software Co., Ltd., Sanuk Games",Platform,0.02
Elixir Studios,Strategy,0.02
"Yuke's, Yuke's Company of America",Puzzle,0.02
The Odd Gentlemen,Adventure,0.02
Big Blue Bubble Inc.,Strategy,0.02
Infogrames Sheffield,Strategy,0.02
Activision Value,Shooter,0.01
React Games,Action,0.01
"High Moon Studios, Mercenary Technologies",Action,0.01
Gearbox Software,Strategy,0.01
Full-Fat,Racing,0.01
dtp Young Entertainment AG,Simulation,0.01
Neopica,Misc,0.01
Coffee Stain Studios,Simulation,0.01
Societe Pollene,Adventure,0.01
"1C, Various, 1C Company",Strategy,0.01
"DMA Design, Rockstar North",Action,0.01
Various,Action,0.01
Kalypso,Role-Playing,0.01
Game Arts,Action,0.01
"Frozenbyte, Inc.",Action,0.01
Big Red Software,Strategy,0.01
Next Wave Team,Puzzle,0.01
Blue Tea Games,Puzzle,0.01
Fluid Studios,Action,0.01
LSP,Shooter,0.01
Spike,Simulation,0.01
Papyrus,Racing,0.01
Black Lantern Studios,Puzzle,0.01
"Infinite Dreams, Paragon 5",Racing,0.01
TDK Mediactive,Action,0.01
"Battlefront.com, 1C, 1C Company",Strategy,0.01
Headgate,Sports,0.01
SCEI,Strategy,0.01
Compulsion Games,Platform,0.01
Interchannel-Holon,Puzzle,0.01
777 Studios,Simulation,0.01
Alpha Unit,Sports,0.01
TML-Studios,Simulation,0.01
Inferno Games,Sports,0.01
Pronto Games,Sports,0.01
KING Art,Strategy,0.01
Genki,Action,0.01
Barnhouse Effect,Role-Playing,0.01
Delphine Software International,Racing,0.01
Marvelous Entertainment,Shooter,0.01
Katauri Interactive,Role-Playing,0.01
4J Studios,Platform,0.01
Atari,Shooter,0.01
Empty Clip Studios,Puzzle,0.01
HotGen,Puzzle,0.01
SCi,Racing,0.01
Triple Eh? Ltd,Puzzle,0.01
"Camouflaj, LLC",Action,0.01
Atomic Games,Shooter,0.01
EA Phenomic,Strategy,0.01
SimBin,Strategy,0.01
Magellan Interactive,Misc,0.01
Aspyr,Action,0.01
Backbone Emeryville,Misc,0.01
"Bigben Interactive, Red Wagon Games",Racing,0.01
Global Star Software,Misc,0.01
Pronto Games,Racing,0.01
Ion Storm,Role-Playing,0.01
"Spidersoft, Spiders",Role-Playing,0.01
"Interworks Unlimited, Inc.",Sports,0.01
KCEJ,Fighting,0.01
Success,Simulation,0.01
Happy Happening,Action,0.01
Lucky Chicken,Action,0.01
"Tecmo, Graphic Research",Simulation,0.01
Black Bean Games,Racing,0.01
Subterranean Games,Strategy,0.01
Magellan Interactive,Sports,0.01
Boston Animation,Adventure,0.01
Sony Interactive Entertainment,Shooter,0.01
Marvelous Inc.,Fighting,0.01
Banpresto,Role-Playing,0.01
